0,1
2020-01-02,"[['새해 토스·네이버·카카오 3파전…IT發 금융 대격돌', ""박진경·권해봄·권성민 PD 카카오M 이적…'마리텔V2' 20일 종영 확정"", '시원스쿨 2020 특별할인, 카카오페이지 퀴즈 정답 공개', '<배구소식>현대캐피탈, 한정판 카카오톡 이모티콘 출시', '“새해 인사 하려는데 먹통”…카카오톡 2시간 15분 수·발신 장애', '카카오, \'죠르디\' 단독 이모티콘 출시…""새해 첫 이모티콘 추천""', ""[2020 AI시대] 인터넷 업계도 'AI 인사이드'… ‘네이버 클로바’ vs ‘카카오..."", ""독주하는 유튜브·넷플릭스…네이버·카카오 맞대응 전략 '분주'"", '네이버‧카카오 실검 개편 작업 박차… 취지 살릴까', ""카카오, '인터넷하는 돌하르방' 지원사업비 1억3000만원 기탁""]]"
2020-01-03,"[[""'사상최대' 네이버 6조-카카오 3조 매출시대 '예고'"", '네이버 vs 카카오… 금융플랫폼 격돌', ""[Y초점] 나영석부터 펭수·카카오까지, 확 줄인 '숏폼' 콘텐츠 몰려온다"", '인플루언서 공략 네이버, 샵탭 집중 카카오', '2020 카카오M 김성수의 네트워크', ""공주시 충남 최초 '카카오톡 민원접수' 시행"", ""택시·카카오·타다 요금 비교 '장거리는 카카오T, 심야는 타다' 유리"", ""증권사들이 꼽은 2020년 유망 종목...'삼성전자·카카오'"", '[20대 유망기업] 카카오 | 톡TV로 콘텐츠 천하평정 꿈꿔', ""카카오, '인터넷하는 돌하르방' 지원사업비 1억3000만원 기탁""]]"
2020-01-06,"[['카카오 2대 생산국들, 초콜릿판 OPEC 결성', ""[시그널 FOCUS] '카카오왕국' 작년 M&A만 15곳···이젠 '돈버는 카카오' 되..."", '[단독] 알리페이처럼…카카오페이 충전잔액, MMF로 굴린다', '아이유, 12년지기 매니저와 이담엔터서 새 출발…카카오M 지분 투자', '카카오, 톡비즈보드 日매출 5억…올해 실적 견인 전망- 유안타', ""[이슈] 재주는 '타다'가 부리고, 돈은 '카카오'가 먹나"", '과천시, 카카오톡으로 민방위 교육 통지서 보낸다', '카카오, 블록체인 클라우드 서비스 올해 출시 가능할까?', '아이유, 이담 엔터테인먼트와 전속 계약 ‘스태프 모두 카카오M에서 함께 이동...', '""카카오, 플랫폼의 선순환"" [유안타증권]']]"
2020-01-07,"[['NH투자證 ""카카오, 올해 광고 매출 본격화…가파른 이익 성장""', ""CES 뜬 라이언…카카오, 캐릭터 앞세워 '내수기업 꼬리표' 뗀다"", ""[마감]신라젠, 신장암 임상 추가 승인 '상한가'...카카오, 실적 기대에 '신고..."", '""카톡으로 공동구매"" 카카오 `톡딜` 떴다', '""공정무역 카카오→비건 간편식까지""...갤러리아百도 \'착한 소비\' 합류', '교체주기 맞은 네이버·카카오 CEO…이해진·김범수의 선택은?', '[기획] 게임사 탑10 2020년 기상도(9)-카카오게임즈', '""\'울산 동구 카드뉴스\' 카카오톡으로 받아 보세요""', ""카카오게임즈 '프렌즈마블', 1대1 대전 '슈퍼리그' 추가"", '카카오페이 신용조회 가입자 넉달만에 300만명… 핀테크 격전지되나']]"
2020-01-08,"[[""루이비통이 카카오를 '콜'했다...모빌리티 법인시장 '후끈'"", ""영화 '남산의 부장들' 카카오페이지에 스페셜 웹툰 공개"", '연일 신고가 찍는 카카오…‘돈버는 회사’로 변신', '카카오게임즈, 모바일 MMORPG ‘테라 클래식’ 시즌2 대규모 업데이트', '볼보건설기계코리아, 카카오커머스 ‘볼보건설기계 쇼핑하기’ 오픈', '카카오, +0.31% 52주 신고가', '이젠 카카오로 공동구매한다…‘톡딜’ 상품도 계속 늘어', ""'모빌리티 혁신' 이뤄가는 카카오...비결은 AI·빅데이터"", '08일, 기관 거래소에서 SK하이닉스(+3.62%), 카카오(-0.31%) 등 순매수', '\'김수현 아나운서♥\' 우왁굳, 2월달 카카오톡 이모티콘 출시…""긴밀한 협의 끝...']]"
2020-01-09,"[['[CES 2020]""라이언과 인증샷 찍자"" CES 사로잡은 카카오', '특허업무에 카카오 AI 기술 활용', '카카오, 특허청과 손잡고 특허 AI 서비스 발굴 착수', '박정호 SKT사장, 국내 \'AI 초협력\' 제안…""삼성·카카오와 논의""', '아모레·카카오 CES 무대 첫 데뷔…첫날부터 흥행', '카카오 인공지능 기술 특허 분야에 활용된다', ""[CES 2020] 카카오IX, '카카오프렌즈 홈킷' 데뷔전… 부스 관람객 '북적'"", '카카오엔터프라이즈, 특허청과 AI 기술 제공 협약 체결', '카카오엔터프라이즈-특허청, 인공지능 기술 제공 분야 협력', '[특징주] 카카오, 성장세 지속 전망에 장중 52주 신고가']]"
2020-01-10,"[[""NHN·카카오, '데이터 3법' 통과로 자회사 성장성 주목"", '카카오와 협력 체결하는 박원주 특허청장', '[게시판] 카카오페이지, 제주도에서 웹툰 캠프 개최', '[출근길] 카카오, 특허청에 AI기술 제공', '카카오, 주요 자회사 가치 상승 지속 ‘목표가↑’-이베스트투자', '박정호 SKT사장 “국내 ICT 기업, 삼성·카카오와 협력해야”', ""카카오, 신규 인증서비스 개발 착수…'신분증TF' 구성"", '카카오, +1.22% 52주 신고가', '나호열 카카오페이 CTO ""블록체인·암호화폐는 혁신금융의 핵심기술""', ""'카카오' 52주 신고가 경신, 외국인, 기관 각각 10일, 4일 연속 순매수""]]"
2020-01-13,"[[""카카오뱅크, '중금리 대출' 1조원 돌파"", '세나클소프트, 카카오벤처스서 30억원 투자 유치', '與 영입 7호는 카카오뱅크 이용우 공동대표', ""평택시, '카카오톡 지방세 상담서비스' 제공"", '카카오뱅크, 중금리 대출 1조 원 공급', '감귤 대신 카카오… 겨울 사라지는 제주', ""카카오게임즈 '프린세스 커넥트', 기무라 PD와 함께한 간담회 성료"", '토스·카카오 증권업 진출 초읽기…상반기 결론에 무게', '카카오 이어 네이버도 인물연관검색 개편···최하단 배치', '카카오, +1.21% 52주 신고가']]"
2020-01-14,"[['미래대우 ""카카오, 톡비즈보드 매출 4배 증가…목표가↑""', ""가맹 택시 '카카오T 블루' 전국으로 확장"", '한화투자 ""카카오, 올해 영업익 90% 증가 전망…목표가↑""', '‘타다’ 가입해서 조합 쫓겨난 택시기사들… “카카오는 괜찮고 왜 타다만 문...', ""벨킨-카카오 콜라보 '무선 충전 패드&스탠드' 신제품 출시"", '롯데백화점, 설 명절 선물 카카오톡 선물하기 서비스', '카카오게임즈 ‘달빛조각사’, 출시 100일 기념 이벤트 진행', '이용우 대표 떠나는 카카오뱅크, 빈 차리는 어떻게 채워지나', '[단독] 카카오 대형택시 \'벤티\'…""안잡히는 이유 있었네""', '대구FC 온라인몰 쇼핑, 네이버·카카오페이로 결제 가능']]"
2020-01-15,"[['[특징주] 카카오, 실적 성장 기대감에 52주 신고가(종합)', '카카오게임즈, ‘달빛조각사’ 출시 100일 기념 이벤트', '카카오, 자회사 성장 본격화…목표가↑-DS', ""카카오페이지, 박보검 출연 웹툰 '달빛조각사' 뮤비 티저 공개"", '식구 많은 카카오, 계열사 숫자만 90개...59개 대기업집단 중 2위', ""카카오도 탐내는 '에듀테크'…VC 투자액도 1년새 2배 '껑충'"", '경찰 “주진모 휴대전화 유출부터 수사, 카카오톡 내용은 이후 검토”', '카카오, +1.20% 52주 신고가', ""카카오게임즈, '테라 클래식' 설맞이 업데이트 진행"", '김범수는 10년만에 어떻게 카카오를 30대 재벌에 올려놨나']]"
2020-01-16,"[['[단독] 카카오M 산하 레이블 재편…`문화인` 독립', ""'카카오리틀프렌즈폰3 보세요'"", ""LGU+, 초등생 맞춤폰 '카카오리틀프렌즈폰3' 단독 출시"", '카카오, 다음에 골프 중계센터 오픈', '카카오 계열사가 90개래', '센트룸, 설 맞이 카카오톡 선물하기 패키지 출시', 'LG유플러스, 초등생 맞춤형 ‘카카오리틀프렌즈폰3’ 출시', 'LG유플러스, 초등생 맞춤형 ‘카카오리틀프렌즈폰3’ 출시', '카카오, 포털 다음에 골프 중계센터 오픈', 'LGU+, 초등생 맞춤형 ‘카카오리틀프렌즈폰3’ 선봬']]"
2020-01-17,"[['박정호 ""삼성·카카오와 AI 초협력…이통사도 함께해야""(종합)', '박정호 SK텔레콤 사장 ""삼성·카카오 고위급과 AI 초협력 논의""', ""가맹택시 '카카오T 블루' 확장세…서울·대구·성남에 이어 대전도 '곧'"", ""네이버 VS 카카오 유럽 '웹툰 전쟁'"", '카카오, +0.58% 52주 신고가', '올 봄 초딩들, LG유플러스 ‘카카오리틀프렌즈폰 3’으로 즐겁다', '카카오, 포털 다음 스포츠에 골프 중계센터 오픈', ""'카카오' 52주 신고가 경신, 외국인 15일 연속 순매수(98.2만주)"", ""[기업'S토커] 카카오, 텐센트 ‘평행이론’…핵심으로 떠오른 톡비즈보드"", ""'미스터트롯' 투표방법?…카카오스토리 앱 접속해 3명까지 투표""]]"
2020-01-20,"[['카카오, 한진칼 지분 1% 매입…조원태 회장 ‘우군’ 되나', '카카오뮤직 접속오류, 프로필 설정의 비밀', '카카오페이지, 20일 웹툰 ‘달빛조각사’ OST 음원 공개', '“카카오, 비즈보드 고성장 기반 성장 올해도 지속”', '카카오게임즈, 설날 맞이 모바일게임 6종서 특별 이벤트 진행', '제4회 한국뮤지컬어워즈, 20일 오늘 개막...카카오TV로 생중계', ""카카오VX, '신년맞이 골프명언' 이벤트"", '카카오뮤직 ""사용자 급증, 긴급 서버 점검""…\'흑역사\' 프로필 루머 때문? 온라...', ""'시원스쿨 79만원 할인' 카카오페이지 퀴즈 정답 공개"", ""카카오뮤직서 과거 '흑역사' 프로필 사진 볼 수 있다?…'접속 불통'""]]"
2020-01-21,"[['""옛 남친 사진이 떡하니""… 흑역사 보관함 돼버린 카카오뮤직', '카카오, 한진칼 지분 1% 매입…경영권 분쟁 변수될까', '카카오내비·티맵 ""설 고향길, \'이때\'만은 피해라""', ""'네이버·카카오' 뉴스제휴 신규 매체 발표…9곳은 계약해지"", '흑역사 카톡 프사가? 카카오뮤직 이용자 폭주', '[이데일리N] 카카오, 한진칼 지분 1% 매입 外', ""카카오벤처스, 간식서비스 제공업체 '스낵포'에 투자"", '카카오내비 빅데이터 기반 설 연휴 교통 예측 정보 공개', '""오마이 갓"" 카카오뮤직, 과거 프로필 사진 볼 수 있어', '네이버·카카오 제휴평가위, 벌점 누적 매체 9곳 퇴출']]"
2020-01-22,"[['카카오, 증권업 진출 승인', '카카오모빌리티-SK가스, 모빌리티 사업 업무협약', '하나금투 ""카카오, 역대 최대 영업이익 예상…\'매수\'""', '카카오T, LPG 충전소 연결...O2O 확장', '[단독] 카카오장보기, 푸드 큐레이션 변신…이마트 제휴 종료', '카카오페이지, 역대급 설 선물… 최신 흥행작 3편', '설 귀성길 ‘24일 오전 8~10시 가장 혼잡’…카카오내비 빅데이터 분석 예측', '‘카카오 배틀그라운드’, 신규 캡 ‘카라킨’ 등장…속도감 ‘강화’', '카카오의 한진칼 지분 매입, 조원태 회장 ‘톡’ 받았나', '네이버·카카오 신규 입점 뉴스콘텐츠 제휴사 1곳… 계약 해지 9곳']]"
2020-01-23,"[[""증선위, '카카오' 증권업 진출 승인"", '카카오·토스·VI…상반기 3곳 증권사 등판', '‘카카오톡으로 주식’ 가능해진다…카카오, 증권업 진출', '[게시판] 카카오M 신인배우 오디션 7명 최종합격', 'DB금투 ""카카오, 플랫폼 부문 성장 톡비즈가 견인…목표주가↑""', ""'티맵 vs 카카오내비'…설 연휴, 불붙은 이통사 '내비' 경쟁"", '""중소기업 지원 정책, 카카오톡에서 확인하세요""', '네이버-카카오, 1020세대 껴안기', '메가몬스터, 카카오M서 20억원 차입… ""제작역량 강화""', '카카오모빌리티, SK가스와 손잡고 모빌리티 사업 공동추진']]"
2020-01-28,"[[""카카오뮤직 ‘프사 소동’…잊혀진 '잊혀질 권리'"", '시몬스침대, 카카오페이 간편 결제 도입', '새로운 기능을 먼저 써보다, 카카오 실험실', '네이버-카카오 CEO 3월 임기 만료…연임 할까', ""주차업 뛰어든 카카오·SKT '총성없는 전쟁'"", ""LX, 웹툰 '오늘도 반듯하게' 카카오 통해 8주간 연재"", '삼성SDI 4명, 카카오 3명…올봄 상장사 40곳 사외이사 61명 바꿔야', ""'남매전쟁' 한진가, 경영권 주총 앞두고 카카오가 주목받는 이유"", '디즈니를 꿈꾸는 카카오프렌즈, 만든이 카카오IX', '[금융, 飛上 2020 전략]⑩카카오뱅크 ""모바일 1등 은행 앱""']]"
2020-01-29,"[['""우한폐렴 확산, IT로 막아보자"" 네이버·카카오도 총력전', '카카오 측, 멜론 50억 원 청구 소송에 “보상절차 진행 중” [공식]', '카카오 초기 멤버가 세운 어메이즈VR, 250만달러 투자 유치', '‘메기(카카오·토스)가 몰려온다’…증권사 `언택트 마케팅` 불붙었다', '시몬스, 카카오페이 결제 도입', '[2020그린모빌리티어워드]스마트 모빌리티상 카카오모빌리티', ""카카오맵서 '신종 코로나' 검색땐 인근 정부지정 진료소 알려준다"", '\'추가수량 긴급편성 야나두\' 카카오페이지 퀴즈 정답은? ""설마 무슨 뜻?""', '“카뱅 성공도 예상 못해” 카카오 이번엔 증권업계 ‘메기’ 될 수 있을까', ""카카오ㆍ토스 '여의도행'에 증권가 긴장""]]"
2020-01-30,"[['카카오 T 앱에서 기차표 원스톱 서비스 가능해진다', ""'카카오T' 앱에서 철도 승차권 산다…역 주차장도 안내"", '한상혁, 네이버·카카오 찾아 ""우한폐렴 가짜뉴스 대응"" 당부', ""네이버·카카오, '우한 쇼크'도 견뎠는데 주가 시들한 이유는"", '카카오벤처스, 美 AR 플랫폼 개발사 스페이셜시스템에 투자', ""'1000만 대군' 카카오 진출…'증권가 태풍' 될까"", '카카오, 특별관계자 지분변동', '카카오톡 만난 ‘디즈니팝 타운’, 내달 23일까지 사전예약', '카카오, 연내 오라클 DB 전면 걷어낸다', '정주환 카카오로 복귀…공동체 신사업 발굴 총책 맡는다']]"
2020-01-31,"[['[방송소식] 유산슬 카카오톡 이모티콘 출시 外', ""출범 코앞에 둔 카카오증권, '카뱅'처럼 폭발력 있을까"", ""24시간 서울시 카카오톡 상담 서비스 '서울톡' 개설"", ""카카오페이지, 웹툰 '이태원 클라쓰' 포스터 공개"", ""카카오 '키즈노트', 어린이집 전자출결 서비스 출시"", ""시원스쿨 평생수강권 무료, 카카오페이지 OOOO 들어갈 정답 '관심'"", '국민연금 전자문서, 카톡으로 전송..""카카오 로고가 있어야""', '`카카오T` 앱에서 철도 승차권 판매', '[카카오톡 활용하기] 샵(#)검색을 적극 활용하자.', '카카오(035720), 31일 0.00%변동폭 보여…']]"
2020-02-03,"[[""3개월새 계열사 9곳 더···카카오 '확장경영' 가속"", '전자제품 비교 `꿀리뷰` 카카오벤처스 투자유치', '카카오프렌즈, ‘어피치 강다니엘 에디션’ 글로벌 출시', '""카카오뱅크 체크카드 쓰고 현금 돌려 받으세요""', '대기업집단 SK·카카오 몸집 불리고 롯데는 11곳 축소', '[단독] 카카오 대리 부른 20대 女 성폭행 사건 벌어져', '카카오뱅크, 체크카드 캐시백 프로모션 시즌 6 오픈…""현금 받아 가세요""', '""자녀 알림장도 스마트폰으로"" ...영유아 교육시장 홀린 카카오', '방통위 망 이용 가이드라인 제정…“통신사만 배불려” 카카오 볼멘소리', '맥X카카오프렌즈, 립스틱과 캐릭터의 특별한 컬래버레이션 컬렉션']]"
2020-02-04,"[[""[단독]카카오·삼성화재 손잡은 '디지털 손보사' 3월초 예비인가 신청"", ""가맹택시 '카카오 T 블루', 대전서도 시동"", '카카오M, 프로듀서 중심 레이블 `플렉스M` 신설', ""'카카오T블루' 대전서 500여대로 시범 서비스"", '네이버·카카오 “코로나맵 API 비용 지원”', '네이버·카카오·AWS, 대학생이 만든 ‘코로나 맵’ 서버 지원', '카카오택시·배민 등 O2O 기업 매출 전년比 30.4%↑', ""'인터넷 맞수' 네이버 vs. 카카오 '암호화폐 지갑' 경쟁 벌인다"", ""[단독] 카카오M, 주거라이프 웹콘텐츠 '집드립' 론칭"", '""손만 잡았어도 강간치상""...강용석, 무고 교사 의혹 카카오톡 공개']]"
2020-02-05,"[['[이슈체크] 금융업계 ‘태풍의 눈’ 될까…카카오 증권업 진출', '[이슈분석] 카카오 증권 사업, 예상 행보는?', '카톡으로 주식 거래…금융위, 카카오 증권업 진출 승인', ""카카오가 세우는 증권사…증권업계 '메기 효과' 불러올까[이슈+]"", ""카카오 증권 진출 '승인'…한발 늦은 토스 '울상'"", 'SK·한화·카카오 ""슈퍼주총데이 피한다""', '네이버 VS 카카오, 신종 코로나 웹사이트 무상 지원', ""[단독]IPO앞둔 카카오게임즈, '탈 넥슨' 개발자원 '입도선매'"", ""전국 질주하는 '카카오T'…여전히 안갯속 '타다'"", '캐롯부터 카카오 삼성화재까지..위기의 손보 디지털 전환 가속']]"
2020-02-06,"[['카카오, IT기업 첫 증권업 진출', '증권가 ""카카오, 증권업 진출로 핀테크 사업확장 탄력""', '카카오, 한진칼 지분 1% 추가 취득…조 회장에 힘 싣기?', '카카오페이증권 출범…""투자·자산관리 대중화 이루겠다""', '카카오, 증권업 시너지 기대-이베스트', ""'신종 코로나' 질병정보알림…재난대응 나선 카카오"", '카카오, 증권업 ‘성공 가능성’ 의견 엇갈려…영향은', '‘카카오 배틀그라운드’ 신규 맵 ‘카라킨’ 뜨거운 반응', '카카오 vs 토스, 모바일 증권대전 승자는?', 'SKT·삼성·카카오…`AI 코리아 어벤져스` 뜬다']]"
2020-02-07,"[['텅텅빈 카카오 11인승 택시', '카카오M, 프로듀서 중심 레이블 ‘플렉스엠’ 설립', ""카카오, 증권·보험 진출로 금융권 '지각변동' 예고"", 'WI ""카카오프렌즈 블루투스 마이크, `슈돌` 등장 화제""', '""IPO 어쩌나…"" 달빛조각사 부진에 카카오게임즈 \'고심\'', '카카오 ""한진칼 지분 현황 비공개, 분쟁 개입 안해""', '[인사] 카카오페이증권 ; 금융투자협회', ""'넷플릭스 나홀로 그대' 카카오페이지 퀴즈 이벤트 정답은?"", '미래에셋 출신이 맡은 카카오증권…대대적 변화 예고', 'DCC 신작 ‘레디메이드퀸’, 매주 목요일 카카오페이지 연재']]"
2020-02-10,"[['카카오 클레이튼에 암호화폐 거래소 `후오비` 합류', '카카오키즈 야나두와 합병 마무리...""올해 매출 천억·내년 상장 추진""', ""명품도 카톡으로 선물...카카오커머스, '카카오톡 선물하기' 명품 제품군 확대"", 'IT기업 카카오, 한진칼 지분 1% 추가 매입', '카카오가 증권업에 진출한 이유', '신한카드, 카카오페이 체크카드 리뉴얼 출시', '카카오 드디어 증권업 진출-증권업의 ‘카뱅’…IT 무장한 메기 될까', '카카오프렌즈, 글로벌 시장 공략 본격화', '새해 30대 기업집단 분석해보니-카카오 문어발 확장…계열사 벌써 90개', ""투썸플레이스, '카카오톡 선물하기 밸런타인데이 기획전' 진행""]]"
2020-02-11,"[['취업목표 대기업 1위 카카오…삼성전자·CJ제일제당·네이버 순', '신입 구직자 상반기 취업목표 대기업...1위 카카오·2위 삼성전자', '선관위, 네이버·카카오와 총선 비방·허위사실 차단 공동대응', '[시그널] 카카오게임즈, 달빛조각사 개발 엑스엘게임즈 경영권 인수', ""카카오게임즈, '달빛조각사' 만든 엑스엘게임즈 인수"", ""'카카오키즈 백만 기념 선착순 천명 천원' 오퀴즈 출제 정답은?"", ""인포뱅크, 웰컴저축은행 '웰컴봇' 카카오i 오픈빌더 챗봇 전환"", '카카오게임즈, `달빛조각사` 캐릭터 밸런스 조정·편의성 개선', ""중국계 암호화폐 '후오비토큰'…카카오 호재에 16% '껑충'"", ""카카오페이 '온보딩 키트' iF 디자인 어워드 수상""]]"
2020-02-12,"[['네이버·카카오·SKT는 IT기업일까, 금융사일까', '카카오뱅크, 사업소득자·청년에도 전월세보증금 대출', '카카오뱅크, 청년 전월세보증금 대출 출시', ""카카오, 지난해 '최대실적' 찍었을까…성적표 기대감↑"", '카카오, ‘달빛조각사’ 만든 엑스엘게임즈 인수', '취업목표 대기업 1위는 카카오', '카카오게임즈, 틱톡과 함께 배틀그라운드 챌린지 진행', '""카카오 \'벤티\' 지금 이용할 수 있나요?""', '카카오, 한진칼 지분 추가 매입… 경영권 개입 하나?', '증권사, 각자대표 체제 전환 바람..교보 카카오증권 등']]"
2020-02-13,"[[""카카오, 연매출 3조 첫 돌파…'카톡 광고' 일냈다"", ""카카오, 매출 3조원 시대 '활짝'"", '매출 3조 찍은 카카오..""올 머니2.0 주력""', '카카오 ""늦둥이 ‘톡보드’가 최고 효자""… 올해 톡비즈 매출만 1조원 목표(종...', '카카오VX, 200억원 외부 투자 유치…""골프 사업 확장""', '[속보]카카오, 역대 최고 실적… 작년 매출 3조·영업익 2천억↑', '카카오 여민수 ""올해, K-콘텐츠 전파 원년으로""', '카카오 ""톡보드, 일매출 5억 이상…광고주 늘린다""', '카카오 작년 매출 3조원, 영업익 2천억 돌파... 역대 최대', ""아모레퍼시픽, 카카오 블록체인 '클레이튼' 합류""]]"
2020-02-14,"[['한투증권 ""카카오, 올해 실적 호조 기대…목표주가 ↑""', ""'톡비즈'로 실력 보여준 카카오...증권가 “주가 20만원 넘는다”"", '한화證 ""카카오, 올해 이익 성장속도 가파를 것…매수의견""', '[이용재의 세심한 맛] 초콜릿, 카카오 많이 들어가면 달지 않고 쌉싸름해요', '카카오 작년 매출 3조 898억 사상 최대', '작년 역대 최대 3조 매출 카카오 “광고·웹툰이 효자네”', '오비라거, 카카오톡 ‘랄라베어 이모티콘’ 증정 이벤트', '카톡 광고로 대박난 카카오, 디지털 손보사 설립도 추진', '[특징주] 카카오, 4분기 호실적에 이틀째 신고가', '카카오의 힘… 매출 3조·영업익 2000억 돌파']]"
2020-02-17,"[['카카오 선데이치즈볼, 카스 에디션 선보여', '카카오, 올해도 고속성장…영업이익 더블로 간다', ""공정위 '이해진' 고발… 카카오 형평성 '떠넘기기' 논란"", ""'매출 3조원 돌파까지'...다음 합병 후 카카오의 타임라인"", '“카카오, 올해 톡비즈 연간 매출 1조원 육박할 전망”', ""'카카오' 김범수도 무죄났는데… '네이버' 이해진 허위제출 혐의 인정될까"", '""카카오, 페이-뱅크 증권의 하모니"" [신영증권]', ""카카오페이지 다음웹툰, 독일 'IF 디자인 어워드'서 본상 수상"", ""투썸플레이스, 스트로베리 제품 활용한 '카카오톡 이모티콘' 선봬"", ""디지털 손보시장 판 커진다…카카오+삼성화재, 더케이 '출사표'""]]"
2020-02-18,"[[""디자인유나이티드, 카카오IX와 협업…'니니즈 컬렉션' 선봬"", '제주항공 ""카카오페이로 결제 시 최대 2만원 할인""', '카카오 “단톡방서 특정 상대 소환한다”···대화상대 멘션 기능 추가', '카카오페이지X다음웹툰 ‘이태원 클라쓰’, 독자수 1천만명 돌파', '카카오톡 단체대화방서 특정 상대 부르는 ‘멘션’ 기능 생긴다', '""카카오페이증권 출범…증권업계 영향은 제한적""', '카카오게임즈 ‘달빛조각사’, 장신구 강화 등장', '카카오 VX 200억 원 규모 투자 유치', '연 5% 이자의 힘… 카카오페이 증권계좌 조용한 인기', '카카오 암호화폐 지갑 서비스 클립, 이르면 3월 론칭']]"
2020-02-19,"[[""네이버, 선거기간 '실검' 중단…카카오는 완전 폐지"", '카카오, 예정대로 2월 20일 실검 서비스 종료', '카카오, 올해 실적 호조 전망에 52주 신고가 경신', '카카오 그라운드X, 한빗코·피어테크 등 파트너사 추가 공개', ""결국 네이버도 실검 '일시 중단'‥카카오는 완전 폐지"", ""카카오프렌즈, '어피치 강다니엘 에디션' 2차 출시"", ""카카오커머스, '졸업·입학 선물 기획전' 운영"", ""두나무 'DXM', 카카오 '그라운드X'에 커스터디 서비스 제공"", ""카카오 파트너 '왓챠', 블록체인 사업 접는다"", '네이버, 총선 기간 ‘실급검’ 없앤다… 카카오는 완전 폐지']]"
2020-02-20,"[[""카카오 대형승합택시 '벤티' 본격 확장…'기사회생' 타다에 도전"", '톡보드·카카오페이증권 타고 쭉쭉 뻗어오르는 카카오 주가, 올해도 `맑음`', ""카카오, 포털 다음 '실시간 이슈 검색어' 서비스 완전 폐지"", '타다의 나비효과, 차차·파파 ‘날개’…카카오는?', '타다 멈칫한 사이, 보폭 넓히는 카카오T·마카롱', ""'카카오' 52주 신고가 경신, 전일 외국인 대량 순매수"", '카카오, +0.53% 52주 신고가', '[폴리경제분석] ‘타다’에 뿔난 택시업계, ‘카카오’가 출구될까?', '카카오게임즈 ‘패스오브엑자일’, 한국서버 분리 의혹에 이용자 공분', '[fnRASSI]카카오(035720), 52주 신고가...0.53% ↑']]"
2020-02-21,"[[""[단독]카카오 암호화폐 클레이, 日거래사이트 '리퀴드' 상장한다"", ""카카오페이지-CJ ENM, 제4회 '추미스 소설 공모전’ 개최"", '한국감정원, 카카오톡 집값 담함 등 신고센터 운영', '""카카오·토스 온다""… 증권사 비대면 고객 \'불꽃경쟁\'', ""작년보다 올해가 더 기대되는 네이버⋅카카오… 新성장동력 '테크핀'"", '토스증권 탄생 가시화...카카오증권과 경쟁 불가피', '병원예약, 카카오톡 챗봇으로...코로나19 여파 비대면 소비 확산', '졸업선물도 ‘카카오톡 선물하기’로… 기획전 운영', '카카오프렌즈 인형 든 강다니엘, ""눈물점까지? 행복해요""', '돌이킬 수 없는 우직함 카카오, 파격의 승부사 타다']]"
2020-02-24,"[['""실적이 말한다""…여민수·조수용, 카카오 CEO 첫 연임', '카카오, 10번째 기브티콘 ‘엄마와 반지’ 선보여', '카카오키즈, 작년 매출 700억·영업익 50억', '카카오키즈, 직원 안전 고려해 재택근무 시행', '[속보]민주당, 이용우 카카오뱅크 전 대표 등 5명 전략공천', ""카카오 VX, '코스튬 드라이버 커버 2.0' 사전예약 진행"", '카카오, 제주대와 산학협약…장학금 총 2억6000만원 출연', '게임 ""일진에게 찍혔을때"" 웹툰으로…카카오페이지에서 오픈', '카카오 ""코로나 확산에 택시·내비 수요도 급감""', '[Hot-Line] ""카카오, 실적개선 + 신사업 모멘텀 동시 확보""']]"
2020-02-25,"[['[단독] 카카오 승합차 렌터카 진출 ""적극 검토""…타다와 진검승부', '[팩플]같은 혁신인줄 알았는데···타다 무죄뒤 미묘해진 카카오', ""카카오, '코로나19'에 전 직원 원격근무 시행"", '카카오 여민수·조수용 대표 연임', '카카오모빌리티, 타다 무죄 직후 ‘렌터카’ 진출 검토 中', 'NH투자증권, 카카오뱅크와 손잡고 증권계좌개설 서비스', '네이버·카카오, 대중문화 전문가 영입 경쟁 불붙다', '카카오뱅크에서 NH투자증권 계좌 개설', '모바일 퍼즐 ‘디즈니팝 타운’ 출시…카카오 타고 소셜 강화', '네이버·카카오, 코로나 비상 대응…재택근무·TF 조직·외부인 출입 통제']]"
2020-02-26,"[['악플에 칼 빼든 카카오 ""혐오·차별 소지 댓글 삭제조치""', '카카오, 차별·혐오 댓글도 삭제한다', '카카오, 방문객 출입 통제', '일상이 된 카카오, 코로나19 몰아쳐도 굳건했다', '&apos;타다금지법&apos; 놓고 엇갈린 업계…카카오, 방향 바꾸나', '카카오뱅크, 코로나19 대응..성남 본사 재택 근무 돌입', '신한저축, 카카오 ‘챗봇’ 통해 24시간 대출서비스 실시', '네이버·카카오 원격근무 첫날…텅 빈 회사, 카페 찾는 직원들', '네이버 한성숙, 카카오 여민수·조수용… ""미래 먹거리 만드는 CEO""', '카카오 ""\'차별·혐오\' 등 악플 달면 사용자 제재""']]"
2020-02-27,"[[""대법, 카카오 김범수 의장 '계열사 누락 신고' 무죄 확정"", 'NH證, 카카오엔터프라이즈와 AI 활용 MOU 체결', '[단독] 카카오 ""뉴스·동영상 구독모델이 새 성장동력""', '카카오 AI 기술력, NH투자증권에 결합된다…업무혁신 협약 체결', ""오리온, '오!그래놀라바 카카오&유산균볼' 출시"", '카카오, 사옥 건립 \'첫발\'…""장기적으로 공동체 공간 마련""', '카카오모빌리티 등 7개 업체 ‘여객법 개정안’ 조속 입법 촉구', '카카오페이머니, 2.0 열렸다…증권 계좌 업그레이드 개시', '대법, 김범수 카카오의장 ‘계열사 누락 신고’ 무죄 확정', '카카오 ""상습 악플러, 영원히 댓글 못 단다""…댓글 정책 개편']]"
2020-02-28,"[['펀드 왔숑~ `카카오 공모펀드` 나왔다', ""[시그널] 보유 회사만 25개...그룹 IPO의 중심에 선 '카카오인베스트먼트'"", '카카오뱅크, 재택근무 연장…""코로나19 확산 영향""', '키움투자자산운용, 카카오페이증권 통해 4차산업혁명 ETF 판매', '카카오페이증권 펀드 판매 개시…1천원부터 소액 투자', '암호화폐 지갑이 뭐길래…네이버·카카오 등 IT업계 경쟁 치열', '28일, 외국인 거래소에서 한진칼(+3.38%), 카카오(-3.64%) 등 순매수', '카카오, 타다 무죄에 \'택시면허\' 필요없다...""렌트카 사업진출 검토중""', ""카카오리틀프렌즈폰3, 쿠키즈미니폰 등 키즈폰 할인 '상상폰' 선착순 아이폰8..."", '네이버카카오 대표 연임 성공... 매출, 신산업 등 실적 견인']]"
2020-03-02,"[['카카오 ""카톡 오류 복구 완료…재택 근무 증가 탓 아냐""', '카카오톡, 메시지 송수신·접속 등 장애…""내부 파악 중""', '대구 ‘카카오 T 블루’ 방역 강화…""전 차량 무균실용 필터 장착""', '카카오톡 오류 발생…""원인 파악중""', '어제는 ""렌터카 검토"" 오늘은 ""타다금지법 촉구""… 카카오의 속내는?', '카카오톡, 메시지 수·발신 또 오류…카카오 ""내부 파악중""', '올해초 오류 이어…카카오톡 80분간 먹통', ""네이버, 전직원 재택근무 6일까지 연장…카카오는 '무기한'"", ""카카오톡 '불통'...코로나19 재택근무 직장인 '불편'"", '외국인, LG화학·카카오는 담았다']]"
2020-03-03,"[['카카오vs쏘카, 자율주행車로 전선 확대', ""네이버·카카오 뉴스 제휴서 '추천검색어 남용' 제재 강화"", '카카오모빌리티, 국토부 자율주행차 임시운행 허가 취득', '카카오 등 7개 모빌리티 ""여객법 개정안, \'타다금지법\' 아냐""', '""카카오, 기간통신망 사업자 아니지만 장애방지 각별히 노력해야""', '카카오게임즈, 유망 개발사 3곳에 230억 전략적 투자', '카카오게임즈, 개발사 3곳 230억원 투자해 지분 인수', '카카오·NHN 알림장 앱, ‘블루오션’ 亞시장 노크', '카카오게임즈, 유망 개발사 투자로 경쟁력 확보', '카카오모빌리티, 국토교통부 자율주행차 임시운행허가 취득']]"
2020-03-04,"[['김범수·카카오, 코로나19 성금 40억 기부', '카카오·김범수 의장, 코로나19 성금으로 40억원 쾌척', '[단독]카카오모빌리티, 자율주행 3등급 받고선 등급 높여 발표', '카카오, 코로나19 성금 20억…김범수 의장도 20억원어치 주식 기부', '카카오 김범수 의장, 코로나 극복에 20억원어치 주식 쾌척', '카카오페이증권, 서비스 시작 6일만에 20만 계좌 돌파', '카카오페이증권, 서비스 시작 6일 만에 20만 계좌 개설', '언론사 1곳 합격무효·2곳 계약해지… 네이버·카카오 뉴스 퇴출', ""카카오 질의응답 서비스 'DAUM 팁' 이달 말 역사 속으로"", '‘모빌리티 공룡’ 꿈꾸는 카카오… 바퀴 달린 사업은 다 찔러보나']]"
2020-03-05,"[[""시민단체 총회 '페북·카카오TV' 허용…코로나 방지"", '인권위원장 ""네이버·카카오 포털 뉴스 댓글 제재 환영""', '카카오 20억 + 김범수 20억… 코로나19 극복 위한 성금 쾌척', '[뉴스체크｜경제] 카카오 김범수 사재 20억원 쾌척', ""카카오 이어 SK와 롯데까지?..플랫폼 택시, '총량제' 수준이 관건"", '카카오모빌리티, 국토부 자율주행차 임시운행허가 취득', '오리온, 마켓오 네이처 ‘오!그래놀라바 카카오&유산균볼’ 출시', '카카오 40억 지원, 국민은행 5억 추가 기부', '모빌리티 강자, 카카오와 타다의 속앓이', ""이젠 나눔도 테크! '네이버-카카오톡'으로 코로나19 기부금 몰린다""]]"
2020-03-06,"[['""카카오택시 \'독점\' 불가""…\'타다법\' 넘긴 국토부 후발업체 키운다', ""네이버 해피빈·카카오 같이가치…코로나19 기부 참여 열기 '훈훈'"", '카카오, ‘달빛 조각사’ 이어 ‘이태원 클라쓰’로 두번째 ‘웹툰 OST’ 발매', '카카오, 지역 맞춤 정보 담은 ‘코로나19 현황판’ 공개', '차차 대표 ""여객법, 카카오 위한 카르텔법"" 철회 촉구', '카카오-증권·자산운용사 협업… ""판매 채널 확대해 고객 확보""', '마스크 알리미 서버 다운…""카카오톡에서 친구 추가하세요""', '케이뱅크·타다 좌초 위기에 미소짓는 카카오', '[2020 증권업] 올해 증권업 최대 화두는 ‘카카오’', ""'정책 모범생' 카카오, 카카오모빌리티와 카카오뱅크 더 키울 기회잡아""]]"
2020-03-09,"[[""카카오 '코로나19' 기부 이모티콘 판매 역대 1위"", ""LH, 임대료 '카카오톡 고지서' 서비스 도입"", '`타다 서비스` 중단 이어 `플랫폼 택시` 대안될까…카카오만 최대 수혜자?', '카카오페이, 6월까지 가맹점 수수료 전액 지원', '""코로나19 같이 극복해요"" 카카오 \'같이가치\' 모금액 10억 돌파', '카카오프렌즈, 화이트데이 신제품 출시', '예탁원, ""카카오톡으로 주총 정보 확인하세요""', 'LH, 카카오톡으로 임대료 고지 실시', '카카오커머스 ""화이트데이, 글로벌 뷰티 브랜드가 대세""', '[돈워리스쿨2 EP.01] 플랫폼 비즈니스 시대! 네이버와 카카오가 그리는 빅 피...']]"
2020-03-10,"[['네이버·카카오, 지도 서비스 통해 공적 마스크 정보 제공한다', ""대한항공, 카카오톡 기반 챗봇 서비스 '대한이' 운영 개시"", ""올해도 작심삼일?…네이버·카카오 '습관 넛지기술'도 맞대결"", ""대한항공, 카카오톡 챗봇 상담 서비스 '대한이' 운영"", '류영준 카카오페이 대표, 3대 핀테크산업회장에 선출', ""필(Fil), 카카오M 레이블과 전속계약 '015B 객원보컬 출신'"", ""카카오 독식하나…타다 없는 모빌리티 '지각변동'"", ""카카오, 코로나19 기부 이모티콘 판매 '역대 1위'"", '카카오페이, 가맹점 수수료 전액 지원', ""앞으로 임대료 '카카오톡 고지서'로 받는다""]]"
2020-03-11,"[['네이버·삼성보다 ‘카카오’에 다니고 싶은 이유…', '카카오미니로 LG TV 제어한다…카카오·LG전자 제휴', '""헤이카카오 TV 켜줘""…카카오·LG전자 전략적 제휴', '네이버ㆍ카카오도 가세… “마스크 재고, 지도앱으로 확인하세요”', ""'마스크 정보' 공개 첫날…카카오·네이버에 민간사이트까지 '봇물'(종합)"", '케이프證 ""카카오, 코로나19로 인한 실적둔화 가능성 제한적""', '카카오뱅크, 출범 3년 만에 흑자…지난해 순익 137억', '교보라이프플래닛, 카카오페이 `내 보험 관리` 런칭', '신임 핀테크산업협회장에 류영준 카카오페이 대표 당선', ""카카오페이지의 '메모리스트' 웹툰 원작 열풍 잇나""]]"
2020-03-12,"[['캐롯손해보험, 카카오 출신 핀테크 전문가 영입…신사업부문장으로 합류', '토스 증권사 나오나…카카오 이어 ‘두 번째 핀테크’ 기대', '삼성증권 ""코로나19 장기화로 네이버·카카오도 부정적 영향""', ""'年매출 1000억' 카카오모빌리티 '황금라이언' 받았다"", ""카카오 시총, '금융 대장株' 신한지주 턱밑 추격"", '밀크터치, 카카오페이지 퀴즈 정답은?…""OOOO 피부의 비밀""', '교보라이프플래닛, 카카오와 제휴', '실적 요동쳐도 배당은 늘린 네이버·카카오', '카카오뱅크, 출범 3년 만에 흑자전환 성공', ""카카오페이지 웹툰 '메모리스트'…'이태원 클라쓰' 흥행 계보 잇는다""]]"
2020-03-13,"[['카카오·신세계·신한금융 등 477개사 다음주 전자투표 실시', '카카오게임즈, `패스 오브 엑자일:환영` 14일 시작', '[클릭 e종목] 1분기 숨고른 카카오, 2분기부터 또 달린다', ""'이태원클라쓰' 다음은 '웹툰거장' 윤태호 신작…카카오 프로젝트 2탄"", '후지필름, 공식 카카오톡 채널 오픈', 'SNS서 활발한 한진그룹 지키기 운동…카카오톡 오픈 채팅방 다수 개설', '카카오엔터프라이즈, LG전자와 전략적 파트너십 체결', '가심비몰, 미니폰∙카카오 리틀프렌즈폰3 등 키즈폰 재고 정리', ""카카오 계열사도 뛰어든 알뜰폰 시장... 새바람 '솔솔'"", '카카오가 이끌고 토스가 뒤따르고…케이뱅크 빈자리 채울까']]"
2020-03-16,"[['한진칼 지분 샀다 되판 카카오, 왜?', '[시그널] 앵커에쿼티, 카카오M 2대주주로···2,100억 투자 결정', ""카카오, 한진칼 주총 앞두고 '중립' 선언...지분 일부 매각"", ""[단독] '카카오' 김범수, 케이큐브타워 매각… 70억원 차익"", '카카오M, 앵커PE에서 2천100억 투자 유치', '카카오, 한진칼 지분 일부 매각…한진가 분쟁서 발 빼나', '카카오, 한진칼 지분 일부 처분…""조원태 백기사 생각 없다""', '한진칼 지분 처분한 카카오...한진그룹 경영권 다툼 변수', '카카오 한진칼 보유지분 일부 매각, ""한진그룹 경영권 분쟁에 중립""', '한진칼 지분 일부 턴 카카오…""경영권과 관련 없다""']]"
2020-03-17,"[['카카오, 4·15 총선 특집 페이지 열어…선거 정보 한눈에', ""카카오톡, 또 '먹통'…카카오택시도 접속 오류"", '카카오뱅크, 윤호영 단독 대표 체제 확정', '[1보]오후 6시 50분께부터 카카오톡 장애', '카카오, 포털 다음에 총선 특집 페이지 개설', '""카톡이 왜 이래"" 출시 10주년 전날, 또 먹통 된 카카오톡', '카카오뱅크, 윤호영 단독 대표 체제 확정', '카카오톡, 출시 10주년 하루 앞두고 장애', '카카오톡, 또 30분 간 먹통…현재 정상화', '현 모빌리티 상황은?···인지도 오른 타다·굳건한 카카오']]"
2020-03-18,"[['카카오 김범수 ""모바일 생활 플랫폼 넘어 변화의 파고 대응해야""', '""카카오 시즌2는 `문화가 일하는 기업`""', '김범수 카카오 이사회 의장 ""카카오 시즌1 끝, 이제 시즌 2 준비""', '대한민국 손닿는 곳이 곧 ‘카카오 세상’', '토스, 카카오 이어 증권업 가세', '김범수 ""카카오 10년, 이제는 시즌2 준비할 때""', ""토스, 증권·은행·카드 진출로 '종합금융' 박차... 카카오 아성에 도전장"", '김범수 카카오 이사회 의장 ""좋은 기업서 위대한 기업 될 것""', ""김범수 카카오 의장 인터뷰하는 카카오 '라이언'"", '카카오게임즈 프렌즈타워, 새 모드 타임어택 업데이트']]"
2020-03-19,"[['""100일 습관 인생 바꾼다""…카카오, 22일까지 \'프로젝트100\' 접수', '카카오커머스, 5억 원 규모 손소독제 12만개 기부', '카페24, 카카오싱크 연동', '카카오커머스, 코로나 피해 지원 손소독제 12만개 기부', '카카오프렌즈 미니골드바, 20일 인터넷우체국서 판매', '카카오 웹용 지갑 카이카스 출시…""클레이튼 토큰 관리 지원""', ""우리 언택트株인데…네이버·카카오 'ㅠㅠ'"", 'SKT 플로 \'실시간 순위 차트\' 폐지…카카오 ""개편 검토 중""', ""[이슈분석]'할일 많아진 주차장' 카카오·SKT도 가세"", '카카오, 제21대 국회의원 선거 특집 페이지 오픈']]"
2020-03-20,"[[""입장 바꾼 카카오, 조원태 회장 '백기사'로 나선다"", '카카오모빌리티, 류긍선 단독 대표 체제로 전환', '카카오모빌리티, 류긍선 단독대표 체제로', '[시그널] 검증 안 된 신사업도 ‘OK’ 카카오에 뭉칫돈 쏟아 붓는 해외 PEF', '카카오, 결국 \'조원태 편\' 가능성 높아져…""협력관계·자문기관 고려해 결정""', '카카오, 다시 \'조원태 우군\'으로 …""자문기관 의견 고려할 것""', '카카오모빌리티, 류긍선 단독 대표 체제로', '카카오모빌리티, 류긍선 단독 대표 체제로 전환', 'B2B 사업 거침 없는 카카오, 올해 기업용 클라우드도 공개', '일본에서 ‘카톡’은 은밀한 대화용? ‘매출 3조원’ 카카오의 한숨']]"
2020-03-23,"[['총선 앞두고… 네이버·카카오 댓글과 실검 제한 나선다', '카카오페이, 사업자 대상 대출금리 우대·이자 지원', '구미시, 장난감도서관 카카오톡 예약 대여 시행', '코로나19 정부 브리핑 비대면 진행…질문은 카카오톡으로', ""창비x카카오페이지 영어덜트 장르문학상 대상에 박소영의 '21도씨'"", '네이버·카카오, 이번주 대표 연임 결정… “사실상 확정”', '카카오가 쏜다…코로나19로 힘든 소상공인에 최대 20만원 지원', ""김성수 카카오M 대표, 콘텐츠 거물 '짤막 영상'으로 모바일 시장 승부수"", '카카오페이, 반년 만에 얼굴인식 이용자 200만명 넘겨', '[인사이드 스토리]금융사·카카오계열사 가세해도 힘겨운 알뜰폰']]"
2020-03-24,"[[""네이버·카카오 주총 위크…호실적에 나란히 대표 '연임' 확실시"", '카카오 ""\'n번방\' 관련 카톡 모니터링 강화""…위반 사례 제재', ""BBQ, '카카오톡 선물하기' 이용하면 최대 20% 할인"", ""'토스·카카오페이' 이끄는 간편송금, 지난해 124% 폭증"", '토스·카카오페이로 하루 송금 2200억...이용 급증', '\'n번방\' 사건에…카카오 ""카톡 오픈채팅방 모니터링 강화""', '제21대 총선\' 앞두고 특집 페이지 오픈한 네이버·카카오... ""어느 걸 볼까?""', '장수군 유튜브, 카카오채널로 군민 소통 업그레이드', '네이버·카카오, 코로나19에도 주총 예정대로 개최', '넷마블·엔씨·게임빌·카카오, 글로벌 톱52 퍼블리셔로']]"
2020-03-25,"[[""여민수·조수용 공동대표 재선임…'카카오 시즌2' 이끈다"", '카카오, 여민수·조수용 공동대표 연임 확정', '""EBS 2주 라이브 특강, 네이버·카카오 TV로 보세요""', '카카오 여민수·조수용 대표 연임…""사회문제 해결 역할 확대""', ""'먹통' 논란 EBS 라이브 특강, 네이버ㆍ카카오TV서도 본다"", 'EBS 라이브 특강, 네이버-카카오에서도 서비스 개시(공식)', 'EBS 2주 라이브 특강, 네이버·카카오에서도 본다', ""월화수목금'토' 저축…카카오뱅크 '저금통' 규칙 추가"", 'DB금투 ""카카오, 코로나 영향권이나 사업확장 기대 여전""', '카카오페이증권, 28일만에 50만계좌 돌파']]"
2020-03-26,"[['에버랜드-카카오엔터프라이즈, 업무협약 체결', '목수·서당 훈장·유튜버·카카오대리기사…이색이력 총선후보는', ""'카카오 T 주차'로 에버랜드서 실시간 주차공간 확인·발레파킹 된다"", '에버랜드, 카카오와 손잡고 IT 기반 고객 서비스 강화', '[단독] \'송하예 사재기 의혹\' 업자 카카오톡 확보...""해킹 계정도 돌리겠다""', '대기업 이사진에 ‘90년대생’이 왔다… 카카오 박새롬 이사', '카카오TV, ‘EBS 2주 라이브 특강’ 생중계 진행', ""카카오모빌리티, 에버랜드에 '카카오 T 주차' 서비스 구축"", '""에버랜드 티켓, 카카오톡으로 받아요"" 카카오-삼성물산 MOU', '삼성 에버랜드, 카카오 손잡는다...""테마파크 내 IT시스템 구축""']]"
2020-03-27,"[['""30살에 대기업 사외이사""…카카오, 최연소 사외이사 선임', '승려·서당 훈장·유튜버·카카오대리기사…이색이력 총선후보는(종합)', ""롯데칠성, '밀키스 핑크소다 카카오프렌즈 에디션' 출시"", '‘사회적 거리 두기’도 재기발랄하게…카카오·야놀자·코오 로고 제작', '""카카오T 기업전용플랫폼 \'비즈홈\' 만든다""', '카카오게임즈 ""핵 앤 슬래시 ‘패스 오브 엑자일’, 전문 스트리머 6인 선정""', '치카보이 카카오톡 이모티콘 배포 이벤트 실시', '카카오뱅크, 화훼농가 돕기 캠페인 동참', '널뛰는 카카오 주가, EB 투자자들의 셈법은', ""'맘스폰' 카카오리틀프렌즈폰3 요금지원 등 키즈폰 프로모션 연장""]]"
2020-03-30,"[['카카오커머스, 코로나19 피해 농어촌 특별 기획전', '카카오 블록체인이 멈췄다…40여 서비스 파트너 불똥', '한화證 ""카카오, 본업 성장세와 자회사 가치 상승 확인될 것""', '카카오 조수용 대표, 스톡옵션으로만 13억… 연봉 2.5배↑', '카카오 호실적인데, 5억도 안받은 김범수 의장', ""카카오 조수용 대표, 지난해 보수 21억…김범수는 '5억 미만'"", '[코스피] 카카오 2019년 매출액 3조 701억원, 영업이익 2068억원 (연결 기준)', '한성숙 네이버 대표, 작년 보수 30억…카카오 조수용 21억', '[IT 존] LG유플러스 SK텔레콤 카카오커머스', '카카오 블록체인 12시간 마비됐다가 복구']]"
2020-03-31,"[['카카오뱅크, 김광옥 부대표 선임', '엔씨 창업자 연봉이 카카오 창업자보다 10배 많아', '카카오뱅크, 김광옥 부대표 선임…한투 출신', '[Hot-Line] ""카카오, 코로나19로 이익 개선이 미뤄질 전망""…목표가↓', ""'트로트 여신 가인이어라~' 카카오 이모티콘, 新 효도템 등극"", '[서산소식] 서산시 카카오톡 채널 다음 달 1일 오픈', ""'꿈의 직장' IT업계 직원 연봉은…네이버·카카오 8천만대, 넷마블은 1억원"", ""'4·15 선거' 앞두고 네이버·카카오, 총선 모드 'ON'"", '[디지털금융, 명과암③] 카카오·현대차·SKT, 왜 ‘디지털 손보사’인가', '""카카오빵 행보 잇는다""... SPC삼립, \'펭수빵\' 출시 2주만 100만개 돌파']]"
2020-04-01,"[['카카오커머스 작년 매출 2천961억원·영업익 757억원', '카카오, 증권도 통하네...한 달 만에 50만 계좌 개설', '카카오뱅크, 금융기술연구소 설립...금융위, 혁신금융서비스 1주년', '카카오커머스, 폭풍성장…거래액 1조→3조', '카카오·OCI 등 248개 상장사 작년 순익 적자 전환', ""쿠팡 페이 독립선언, 네이버·카카오에 도전장…'확장성' 과제"", ""카카오게임즈 신작 '에어'→'엘리온' 새 출발"", '네이버·카카오, 오늘부터 실시간 검색어 중단', ""카카오페이지, 웹툰 '템빨' 1일 첫 공개"", '카카오 VX, 론칭 1주년 기념 고객 감사 프로모션 진행']]"
2020-04-02,"[['[단독]네이버, 카카오까지 가짜뉴스 규제하겠다는 더불어시민당', '[클릭 e종목]“카카오, 코로나19에도 1분기 실적 성장 기대”', 'KTB證 ""카카오, 독보적인 테크핀 경쟁 우위""', '타다·카카오 지난해 ‘모빌리티 출혈경쟁’ 했다', ""희망브리지, '카카오톡 선물하기'로 모인 구호품 5만9천점 전달"", '코로나 위기에 네이버·카카오도 \'빨간불\'?… ""끄떡없다""', ""카카오 '커넥트! ReDive', 대규모 편의성 업데이트 단행"", ""[ICT가 복지다]⑥사회 바꾸는 플랫폼 …카카오 '소셜임팩트'"", ""[우리는 이렇게 채용합니다-카카오뱅크] 학력·스펙보다 '문화적합성'중시"", '카카오모빌리티-에버랜드 ‘카카오 T 주차 시스템 구축’ 맞손']]"
2020-04-03,"[[""카카오, 다음주부터 '주1회 순환 출근제' 실시"", '카카오IX, 음료 3종 출시', '카카오, 9일부터 \'무기한 재택\' 해제…""주1회 출근하고 4회 재택근무""', ""'코로나19' 장기화에 카카오, 순환출근으로 전환…NHN·넷마블은 재택근무 연..."", ""네이버-카카오, 콘텐츠 자회사 매출 '쑥쑥'"", ""집콕에 웃는 엔씨소프트·카카오, 1Q 세자릿수 '껑충'"", '서대문구 노인복지관, 카카오TV·유튜브로 노래자랑 등 생방송', '1차 완판! 앱코 WEM20 버티컬 마우스, 카카오 메이커스 2차 오픈', '덩치 키운 네이버·카카오, 라인·IP 사업 주목', ""[카카오톡 활용하기] 단톡방에 돈을 뿌릴 수 있다? '송금 기능' 써보니""]]"
2020-04-06,"[['카카오 내비, 터널에서도 길 안내해준다', '카카오 계열사, 소셜 로봇 시장 본격 진출', '카카오내비, LTE 신호기반 실내측위 기술 시범 서비스', ""당진시 '카카오톡 채널' 소통해요"", ""'계약우정'→'쌍갑포차'…카카오페이지 IP 기반 콘텐츠 쏟아진다"", '""카카오, 목표주가 22만원 4% 하향 조정"" [대신증권]', '카카오페이지 IP 기반의 2차 콘텐츠 라인업 기대', '카카오 계열사 스테이지파이브, 소셜 로봇 시장 진출', ""'이태원 클라쓰' 다음 타자는?…카카오페이지 IP '2차 콘텐츠' 줄지어 론칭"", '당진시, 카카오톡 통해 시민과의 소통강화']]"
2020-04-07,"[[""카카오모빌리티 '비즈홈' 본격화"", '""카카오TV·네이버 밴드에서 \'온라인 종교집회\' 하세요""', '카카오내비, 강남순환로 3개 터널서도 끊김 없이 안전하게', ""카카오게임즈, '달빛조각사' 초대형 업데이트 예약자 모집 시작"", '카카오M 60억원 지원받은 메가몬스터, TV+디지털 드라마 제작 박차', ""네이버 '글로벌' vs 카카오 '디지털 전환'…영역 넓히는 포털양강"", ""'N번방' 네이버·카카오도 안심 못한다"", '""웹툰을 메가 IP로"" 네이버-카카오, 웹툰 IP 영상화 ‘활활’', '국민연금, 카카오 지분 10% 보유', '그레이프랩 X 카카오메이커스, 재생지 노트북 스탠드 g.flow 스페셜 에디션 출...']]"
2020-04-08,"[[""카카오게임즈, '프린세스 커넥트' 애니 방영 이벤트"", '예술위-카카오같이가치, 사회공헌모금 프로젝트 지원', ""[단독] 카카오 '그라운드X' 앱 공모전 부당운영 논란…수억원대 상금도 공수표..."", ""카카오게임즈, '달빛조각사' 업데이트 사전 예약 실시"", '배달의민족은 정말 독점 사업자? 카카오 쿠팡 위메프도 있는데...', ""언택트 수혜 기대했는데…카카오, 코로나19로 주요사업 '타격'"", '카카오, 상대적으로 빠른 실적회복 기대-한국투자증권', '“출결 점검은 밴드와 카카오톡과 같은 사회관계망서비스(SNS) 활용하라”', '카카오 주식 매수의견 유지, ""코로나19에도 핀테크와 모빌리티 성장""', '후불결제 허용·충전한도 확대 기대감…‘전금법 개정’ 주목하는 네이버·카...']]"
2020-04-09,"[['\'카카오 T 블루\' 광주·울산서도 달린다…""연내 전국 1만대 목표""', '카카오·네이버 두고 검찰과 ‘엇박자’ 공정위, ‘고의성’ 따져 검찰 고발', '일동제약×카카오프렌즈, 비타민음료 아로골드D 리뉴얼', '[PC마켓 이슈] 인텔 카카오프렌즈 미니PC·에이수스 10세대 비보북 외 (4월 9...', '타다 빈자리, 카카오 벤티가 대신할 수 있을까?', '재택근무·온라인 강의 확산…라이브톡·카카오TV 이용자수 뛰었다', '카카오게임즈, ‘테라 클래식’ 신규 전설 펫 ‘위즈’ 추가', '네이버웹툰・카카오페이지, IP 사업 ""쏠쏠하네""', '카카오게임즈, 모바일 MMORPG ‘테라 클래식’ 신규 펫 ‘위즈’ 업데이트', '네이버-카카오, 코로나19에 1Q 사업별 희비…온라인 결제↑ 광고↓']]"
2020-04-10,"[['카카오게임즈, PC 신작 ‘엘리온’ 서포터즈 사전 다운로드', '카카오게임즈, 모바일 RPG ‘그랜드체이스’에 신규 영웅 사전예약 진행', ""카카오 향한 엇갈린 시선..외국인 '사자' vs. 기관 '팔자'"", '카카오톡 선물도 이제는 ‘로켓배송’으로!', '""카카오, 코로나19에도 매출 견조""...목표주가 유지', ""카카오모빌리티, 택시호출 배분 '차별' 의혹 제기에 골머리"", ""'타다' 사라진 그 자리, '마카롱 vs 카카오T' 누가 차지?"", ""네이버·카카오, 코로나 '양날의 검'...1Q 실적 맑음"", '서산시, 카카오톡 채널 활성화 이벤트', '일동제약, 카카오프렌즈 만난 아로골드D 새단장']]"
2020-04-13,"[['카카오, ‘카카오메일’ PC버전 베타 출시', ""카카오 '스마트홈트' 앱, 통신3사로 서비스 확대"", ""카카오 VX '스마트홈트' 이통 3사로 확대"", '카카오메일, 모바일 이어 PC서도 주고받는다', '전자랜드, 카카오페이 결제 서비스 도입', ""카카오택시 '타다 빈자리' 채울수 있을까"", '쉐보레-카카오, `트레일블레이저 시승 이벤트` 실시', '카카오 ""여성전용택시 출시는 아직""…사업성 전망 엇갈려', '카카오벤처스, 영상 편집 앱 브이로거에 투자', '전자랜드, 카카오페이 결제 서비스 도입']]"
2020-04-14,"[['전주 한옥마을에서 만나는 ‘카카오 유생프렌즈’', '대기업 임원 연봉 증감폭, 카카오↑ 삼성화재↓', '[IT 존] LG유플러스 SK텔레콤 카카오', ""저금리 대출 관련 카카오톡 스미싱 공격 '주의'"", ""카카오, '카카오메일' PC버전 베타 출시"", ""카카오 '달빛조각사', 3단계 대형 업데이트 중 파트1…'길드워즈' 오픈"", '""카카오, 돋보이는 체력"" [하나금융투자]', 'SKT, 통신요금을 핀테크로… 카카오·네이버페이 등 확대할 것', '“카카오, ‘톡비즈’는 2분기 10%·하반기 15% 내외의 고성장 기대”', '코로나 여파 카카오 자회사들 IPO 줄줄이 차질']]"
2020-04-16,"[['KT, 카카오페이 자동납부 시스템 도입', '캐리어에어컨, ‘클라윈드 공기청정기 카카오프렌즈’ 2종 출시', ""내달 베일벗는 '기업용 카카오내비'"", '카카오게임즈 `프린세스 커넥트! 리:다이브` 아유미 업데이트', ""오비맥주, 카카오IX와 '카스X선데이치즈볼' 한정판 쇼퍼백 출시"", ""'카카오뱅크 신화' 민주당 고양정 이용우 당선"", ""카카오뱅크 대표·PC방 사장도 '금배지'…경제·금융계 출신 19명 여의도 입성"", ""네이버밴드 vs 카카오톡 '온라인 개학' 정조준…시장선점 나섰다"", '김병관·류호정 엇갈린 승패…親게임 고전,네이버·카카오 1석씩', '""제2의 슬러시 NO"" 카카오, Z세대 맞춤 신규서비스 내놓는다']]"
2020-04-17,"[[""카카오, OECD와 '중소기업 코로나19’ 대응 논의…국내 기업 중 유일"", '카카오, OECD와 中企 코로나19 대응 방안 논의', ""'양대포털' 카카오-네이버도 출근…'재택 해제' 기지개 켜는 판교"", '카카오가 이메일 PC버전까지 내놓은 이유', '김범수 카카오 의장, 강남 초고가 아파트 팔았다', '카카오, OECD와 코로나19 중소기업 대응 논의', '네이버, 카카오 재택근무에서 부분적 출근 체제 복귀', '네이버·카카오, 온라인 수업시장 공략...기술력·친근감으로 무장', '“카카오, 코로나 이후 비대면 시대의 주인공”', ""카카오프렌즈, '프렌즈타운' 시즌2 업데이트""]]"
2020-04-20,"[['김범수의 통큰 채용…카카오 200명 넘게 뽑는다', '학력⋅전공 안묻는 카카오, 채용연계형 인턴십 모집… “역대 최대 규모”', '대신證 ""카카오, 금융사업 확장 가능성 긍정적""', '카카오뱅크, 해외송금 수수료 파격 인하', ""카카오재팬 '픽코마', K-웹툰 저력 보여줬다"", ""카카오뱅크 빠른해외송금 수수료 '금액 상관없이 5달러'로 인하"", '노란우산 ""카카오톡 추가하고 송가인 이모티콘 받으세요""', '카카오뱅크, WU빠른해외송금 수수료 5달러로 인하', '카카오뱅크, WU빠른해외송금 수수료 5달러로 인하', '카카오, 출범 이후 첫 서비스·비즈 분야 인턴 채용']]"
2020-04-21,"[[""카카오, AI 경진대회 개최…주제는 '멜론 플레이리스트 예측'"", ""카카오 브런치, '사회적 거리두기 랜선 전시회' 개최"", '카카오, AI 경진대회 개최…AI로 곡 예측·추천하라', ""법인명 정하고 인력 채용... '카카오보험' 설립 본궤도"", '카카오M, 액터스 1기 신인배우 7人 얼굴 공개', ""웹젠 장수 게임 '뮤', 웹툰으로 부활…카카오페이지서 연재"", ""카카오, AI 경진대회 '제 3회 카카오 아레나' 개최"", ""서울시, 동네책방에 1백만원 지원…'카카오'와 랜선북클럽도"", '카카오, 채용연계형 인턴 수백명 모집', ""카카오, AI 경진대회 '제 3회 카카오 아레나' 개최""]]"
2020-04-22,"[[""코엑스 주차장 '카카오T'로 똑똑하게 바뀐다"", '데이터3법 토론회, 29일 오후2시부터 네이버TV·카카오TV 생중계', '내년부터 ‘카카오T앱’에서 코엑스 주차장 만차 정보 확인한다', '카카오 브런치, ‘사회적 거리두기 랜선 전시회’ 개최', '블루원, 카카오 VX와 온오프라인 플랫폼 기반조성 업무협약', '통신 3사, 내달 기업 메시징 서비스 개시…카카오톡 저격', '국방부, 카카오 갤러리 온라인 사진전 개최', '""웹툰 짜임새 높인다""…카카오페이지, \'콘티왕으로 살아남기\' 개최', '1000만 유저 보유한 번개장터, 유튜브·카카오 출신 경영진 선임', '카카오VX ‘선호하는 티타임에 투표하세요’']]"
2020-04-23,"[['카카오 김범수 의장이 지인 학부모에게 건넨 조언은?', ""'카카오톡'으로 암구호 주고받은 얼빠진 육군 병사들"", 'NH농협카드, 카카오 캐릭터 ‘어피치 스윗 체크카드’ 출시', '휠라골프, 카카오VX와 맞손…""카카오프렌즈 협업 라인 선봬""', ""카카오게임즈, ‘테라 클래식’에 최고 등급 '신화' 코스튬 업데이트"", '올해 주제는 ‘멜론 플레이리스트’… 제3회 카카오 아레나 개최', '카카오키즈 ""앱 월간 이용권 판매량, 전년대비 2배 증가""', '‘코로나19 비켜’…올해 고점 앞둔 ‘네이버·카카오’', '히가시무라 아키코 신작 ‘나를 기억하나요’, 카카오페이지 韓·日 동시 연재', '[우리는 이렇게 채용합니다]카카오, 코로나19에도 대규모 인턴십 채용 ""열린 ...']]"
2020-04-24,"[['""나 때는 말이야"" 대신 ""잘 해줘""…카카오 김범수의 리더십', '쇼박스 영화 60여편, 네이버·카카오페이지서 500원에 즐긴다', '파리바게뜨, 카카오페이로 결제시 최대 28% 할인', '김범수 카카오 의장이 ""나 때는 말이야"" 대신 하는 말은?', '카카오 vs 토스 신용카드…마케팅 경쟁 불붙는다', '코엑스 주차장, 카카오 T 주차 품고 더 스마트해진다', ""김범수 카카오 의장 '카카오톡 상태 메시지'는?"", ""카카오 VX-휠라, '카카오프렌즈 골프 X 휠라 골프' 컬렉션 출시"", '몸집 불리는 카카오, 적응 중 타다, 쾌속질주 KST', '24일, 외국인 거래소에서 현대차(-2.49%), 카카오(-1.35%) 등 순매도']]"
2020-04-27,"[['카카오의 신용카드 4총사, 나한텐 맞는 비장의 카드는?', '""카톡서 보험 상담 가능"" 카카오엔터프라이즈, 교보생명과 손잡는다', '카카오엔터프라이즈·교보생명, 비대면 채널 구축 협약 체결', ""교보생명, 카카오엔터프라이즈와 제휴… 'AI 비대면' 강화"", '카카오, 올해만 사업 수주 10번째…IT서비스업계 긴장', '카카오뱅크, 모바일 앱 2.0 공개…""IPO 실무 준비""(종합)', '네이버·카카오에 푹빠진 외국인·기관', ""카카오뱅크·대한항공이 쏘아올린 '신용카드 빅뱅'"", '윤호영 ""카카오-카뱅 연결 강화...금융플랫폼 사업 확대""', '""이제 금융 플랫폼이다""...카카오뱅크2.0에서 달라진 것들']]"
2020-04-28,"[[""카카오페이, 잔돈 모아 펀드 투자하는 '동전 모으기' 출시"", '카카오 이번엔…기업메신저·클라우드 `도전`', '[알립니다] 카카오 공화국', ""SKT-카카오, '시너지 협의체'… 고객 갈증만 키워"", ""[골프특집] '국민 캐릭터' 카카오프렌즈, 휠라골프를 입다"", '""조건·한도 없이 할인""…카카오뱅크 삼성카드 출시', ""황금연휴 나들이객 잡아라...T맵 vs 카카오내비 '대결구도'"", '블루원-카카오VX 온오프라인 플랫폼 상호협력 위한 업무협약', '‘아이다 버블토너미니 2종’, 카카오메이커스에서 런칭', ""네이버, 풀필먼트 서비스로 '왕좌' 굳힌다...카카오도 논의 착수""]]"
2020-04-29,"[['카카오, 코로나19 기부 캠페인 모금액 50억 돌파', '카카오 전 계열사, 판교 신축 빌딩에 입주… 내년 10월 준공', '네이버·카카오, 다음달 11일부터 정상 출근', '카카오 계열사, 판교 신축건물 통으로 빌려 한 곳에 모인다', '황금연휴? 취준생들은 ""현대모비스·카카오·기업은행 자소서 써야""', ""카카오키즈, KBS 'TV유치원' 채널오픈 첫달 1000원"", '신영 ‘울산 지웰시티 자이’, 카카오 AI 도입한다', '카카오엔터프라이즈, 교보생명과 사업협력 MOU 체결', '카카오, 코로나19 기부 캠페인 모금액 50억 돌파', '카카오뱅크, 신용대출 폭증…윤호영 대표 ""면밀 모니터링""']]"
2020-05-04,"[['카카오, 프로야구 무관중 개막 맞아 생중계·온라인 응원 지원', '‘공격 경영’ 카카오, 계열사 26개 늘렸다', '프로야구 무관중 개막…""카카오로 온라인 응원 하세요""', '카카오 347억 투자한 여행사, 1년만에 대규모 적자전환', ""고려대의료원 '호의랑' 카카오톡 이모티콘 16종 출시"", '사모펀드 IMM, 대기업 지정… 카카오·넷마블 IT기업 약진', '콘텐츠 공룡 카카오, 커머스 사업 강화..그레이고 대표는 이준호씨', '해외직판 벤처 ‘티쿤글로벌’, 이병선 전 카카오부사장 영입', '10년 만에 100만 배 성장한 카카오', '카카오뱅크 내년 상장땐 기업가치 4조~9조…김광옥 부대표 IPO 진두진휘']]"
2020-05-06,"[['쑥쑥 크는 카카오뱅크…1분기 순이익 전년비 185%↑', '카카오뱅크, 1분기 순이익 185억원…작년 연간이익 웃돌아', '종이 영수증 없이도 환불·교환… 카카오페이 영수증 서비스 개편', '카카오뱅크, 석달 만에 작년 1년 치 벌었다…순이익 185억원', '""언택트의 힘""…카카오 \'깜짝실적\' 나올까', '카카오 만화·소설, 하루에 20억 번다…5년만에 20배 성장', '‘넷플릭스법’에 네이버·카카오도 부글부글…왜?', '코로나19 속 서비스 경쟁력 높이는 네이버·카카오', '[특징주] 비접촉소비 확산에 네이버·카카오 52주 신고가(종합)', ""'카카오' 5% 이상 상승, 단기·중기 이평선 정배열로 상승세""]]"
2020-05-07,"[[""카카오, 코로나19 끄떡없다…'역대 최대' 분기 실적"", ""코로나19에도…카카오, 1분기 매출-영업익 '사상 최대'"", ""카카오, 1분기 '활짝'...매출·영업익 역대 최대 기록"", '카카오 1분기 역대 최고 실적…카톡·페이·콘텐츠 등 견인(종합)', '카카오 ""코로나로 카톡 소통·톡스토어 거래 활발""', '카카오, 1분기 매출 8684억…역대 최고 분기 매출 경신', '카카오, 역대 최고 실적…1Q 영업익 882억원, 전년 比 219% ↑(1보)', '카카오 1분기 매출 8684억원, 영업이익 882억원 달성', '카카오, 2020년 1분기 매출 8,684억 원, 영업이익 882억 원 달성', '[특징주] 카카오, 1분기 역대 최고 실적에 또 52주 신고가']]"
2020-05-08,"[[""카카오 클레이튼, 가상자산 금융 연합체 '셀로' 합류"", ""'카카오 T 블루' 택시에 세스코 살균·방역"", ""네이버·카카오 이어 NHN '코로나 고비'넘었다…영업익30%↑"", '[단독]카카오T, 8일 오후 6시 접속장애...퇴근길 직장인 ‘불편’', ""'언택트 주도' 네이버·카카오 신고가 행진"", ""'카카오' 52주 신고가 경신, 전일 외국인 대량 순매수"", '[뉴스체크｜경제] 카카오 1분기 역대 최고 실적', '“카카오 클립 6월 출시…2030세대 디지털 자산 형성 도울 것” 한재선 그라운...', ""코로나19에도 호실적…증권가, 카카오 목표가 상향 '러시'"", '“쾌적하게 타세요” 세스코, 카카오 택시 방역 및 살균']]"
2020-05-11,"[['[단독] 택시 최강자 카카오모빌리티, 렌터카업까지 나선다', '카카오엔터프라이즈-KBS, 인공지능과 클라우드 디지털 사업협력 MOU 체결', ""카카오-KBS, AI 활용한 미디어 인프라 구축 '맞손'"", '카카오키즈, 12일 홈쇼핑서 야나두와 함께 가족 홈스쿨링 상품 첫선', ""'카카오T 블루' 놓고 광주 택시업계 갈등 표면화"", '카카오 클레이 두고 엇갈린 입장...""단독 상장 VS도둑 상장""', '네이버·카카오 이어 배민·SKB도 ""다시 집에서 일해라""', '네이버-카카오, 이번엔 모바일 광고 대결', '""제재당해도 버젓이 운영""…카카오는 나 몰라라', '""카카오 믿고 샀는데""…이름 바꿔가며 \'상습 먹튀\'']]"
2020-05-12,"[[""카카오 AI 개발자 기술·철학·성과 소개 블로그 '테크앤' 열어"", '카카오, 특별관계자 지분변동', '리미니스트리트, 카카오 오라클 DBMS 유지보수 기술지원 업체로 선정', ""메리츠화재, 카카오페이와 손잡고 '전국민생활체육보험' 출시"", '보험료 月250원 `동전보험`…카카오로 동호회 단체가입', '""텔레그램 잡겠다고? 카카오, 네이버만 잡는다""', '카카오, +2.17% 52주 신고가', '도서관 정보/카카오톡 알림 서비스 외', '“국내 기업 역차별… 텔레그램 처벌 못 해” 네이버ㆍ카카오, ‘n번방 방지법...', '""카카오프렌즈·펭수·BTS…캐릭터 상품 만들어 돌풍""']]"
2020-05-13,"[['HMM·카카오엔터프라이즈 MOU 체결', '카카오엔터프라이즈, HMM과 디지털 사업협력 MOU 체결', ""언택트 시대 질주하는 카카오…시총 10위 진입 '임박'"", '카카오, 장 중 코스피 시총 10위권 진입', ""코스닥 '끌고' 카카오 '밀고'...중소형 펀드 질주"", ""카카오, 질주 끝에 코스피 시총 '톱10' 됐다"", '충남도, 카카오톡 챗봇서 24시간 여권 상담서비스 제공', '교보라이프플래닛-카카오페이, 보험서비스 디지털 기술 혁신 본격화', ""카카오페이, '민간·금융기관 모바일 전자고지' 임시허가 승인"", '역시 실적...카카오·네이버 등 연일 신고가']]"
2020-05-14,"[['카카오 기업가치, 재계 2위 현대차 바짝 추격', ""카카오뱅크, 콜센터 직원 코로나19 '전원 음성'"", ""카카오, 연일 신고가 행진… 시총 현대차 '턱밑 추격'"", '에쓰오일, 주유소 최초 카카오페이 결제 도입', '외인 SW 투자비중 최대...장중 현대차 시총 제친 카카오', '에쓰오일 주유소, 카카오페이 결제 도입', '[특징주] 카카오 시총, 현대차도 제치나 한때 9위', '이승철, 카카오M 레이블 플렉스엠과 전속계약 [공식]', 'S-OIL, 주유소 최초 카카오페이 결제 도입', ""삼성전자 팔고 카카오 사고…외국인 머릿속엔 '코로나19'""]]"
2020-05-15,"[[""전자랜드, 주방 소형가전 카카오페이로 사면 '캐시백'"", '엔미디어플랫폼, 게토 PC방에 ‘카카오페이 요금 결제 서비스’ 도입', ""카카오 페이스톡으로 구매 상담…아우디, '비대면 영상 상담 서비스' 시작"", '외인 사는 카카오, 현대차 시총 넘을까', '시총 20조 눈앞…카카오, 제조업 대표株 현대차 넘을까', '""이태원·홍대발 코로나19에""…네이버-카카오 \'정상출근\' 1주일 연기', '현대차 기업가치 넘어서려는 카카오, 가능할까', '청소연구소, 카카오페이 결제 도입…1만원 할인', '카카오엔터프라이즈, KBS 재난방송에 AI 기술 적용', ""10살 아이가 카카오 웹툰서 AI검색 켰더니… '야한' '19금' '수위높은'""]]"
2020-05-18,"[[""유통가 무섭게 파고드는 '카카오 주문·선물하기'"", 'GS25, 카카오와 손잡고 24시간 배달 서비스 개시', ""카카오 그라운드X, 탈중앙화 오라클 네트워크 '체인링크'와 맞손"", '쉐보레, 카카오톡 스토어 통해 트래버스 온라인 예약 이벤트', ""'카카오톡 사찰, 졸속 입법' 논란 휩싸인 'n번방 방지법'"", '""제대로 붙자"" 네이버-카카오, 모바일 광고시장서 \'맞짱\'', '인천시 ""카카오톡으로 최신 치매 정보 받아보세요""', '캐딜락, 카카오골프예약 이용자 대상 특별 시승 이벤트 진행', ""미래에셋생명, 콜센터 대신 카카오톡 '채팅상담'도 가능"", '카카오 클레이튼-체인링크 맞손…""블록체인 플랫폼 확장성 향상""']]"
2020-05-19,"[[""공인인증서 사라지면…카카오·이통3사·은행연합 등 '춘추전국'"", '카카오, ‘사재기 논란’ 멜론차트 순위 삭제·무작위 재생한다', '[단독] 카카오 측 ""양준일 자서전 홍보? 광고할 수 없는 곳 상업성NO""(인터뷰...', '카카오, 멜론에서 실시간 차트 대체할 새 음악 추천서비스 내놔', ""프로야구 무관중 개막에 카카오 '랜선 응원' 이용 3배 늘었다"", '네이버 통장·카카오 보험…테크핀 시장 격돌', ""충북에서도 카카오T 블루 '시범운영'"", ""카카오톡·유튜브로 '코스닥 기술분석보고서' 본다"", '""하루하루가 전쟁"" 호소하러 온 박용만 회장에게 카카오 사례 들며 ""이익공유...', '코로나 고통은 평등하지 않다 ... 제약·바이오 168%↑ 카카오?네이버 113%↑']]"
2020-05-20,"[['택시업계, 타다 다음 타겟은 카카오?', ""[특징주] 카카오, '공인인증서 폐지' 기대감에 강세"", '카카오페이, 카카오뱅크 계좌 간편 연결…인증 간소화', '네이버·카카오 성착취물 차단 의무화…역차별·실효성 논란', '카카오페이, 카카오뱅크와 ‘간편 계좌연결∙자산관리’ 연동', ""카카오게임즈 '엘리온' 대규모 사전체험 임박…내달 서포터즈 추가 모집"", ""'카카오' 5% 이상 상승, 단기·중기 이평선 정배열로 상승세"", '공인인증서 21년 만에 역사 뒤안길로…카카오·이통사 등 경쟁 예고(종합)', ""은행은 '공인인증서·뱅크사인' 혼용...카카오페이·패스 '기피'"", '[이시각증시] 네이버·카카오 나란히 상승']]"
2020-05-21,"[['골프존, 카카오VX 상대 특허 무효소송 최종 승리', 'SK證 ""카카오, 신사업 적자축소…목표가↑""', '엔씨소프트, SKT 시총 추월…카카오는 현대차 바짝 추격', '진격의 카카오, 주가 언제까지 오를까', '카카오 클레이튼, 리퀴드 글로벌과 토큰 생태계 키운다', '연일 최고가 찍는 카카오·네이버…어디까지 오르나', ""20대 국회 법안 통과에도 잠잠...카카오 주가만 '파죽지세'"", '다시 점화된 모빌리티 갈등...카카오 ""AI로 콜몰아주기 안돼""', '실적+유동성 힘으로 2000 터치…""네이버·카카오·엔씨 파죽지세""', '카카오 목표주가 높아져, ""주력 서비스 호조에 신규사업 경쟁력 확보""']]"
2020-05-22,"[['""\'나는 원숭이다\' 말하면 해킹된다""…카카오 ""사실 아냐""', '카카오, 재계 2위 현대차 시가총액 제쳤다', '시총 21조 껑충, 카카오의 질주···재계 2위 현대차도 눌렀다', ""'언택트 시대' 카카오 '훨훨'… 현대차 제치고 시총 9위로"", '현대차 시총 제친 카카오…질주 계속될까', ""'NAVER+카카오' 시총, SK하이닉스 앞질렀다"", '‘사상 최고가’ 카카오, 현대차 시총 제쳤다…10위 안착', '창립 15년 카카오 시총, 44년 현대차 넘어섰다', '네이버-카카오, 내주도 주 1~2회 출근', '네이버-카카오, 정상출근 계획 연기']]"
2020-05-25,"[[""[단독]타다 흰색 '카니발'…카카오 벤티로 부활한다"", ""PASS? 카카오?…'공인' 완장 떨어진 인증시장 승자?"", ""'파죽지세' 카카오, 현대차 이어 LG생건도 제쳐…시총 8위"", '공정위, 네이버·카카오 등 ‘온라인 플랫폼 규제’ 따로 만든다', '시총 20위→8위…현대차·LG생활건강 넘은 카카오', ""[특징주] '거침없는' 카카오, 또 신고가…장중 시총 8위"", '[단독]버즈에 ‘빅스비·아리아·카카오’ 호출 가능해진다', ""거침없는 카카오 '시총 8위'...LG생건 잡고 삼성SDI 추격"", '카카오·이통3사, 민간전자서명 시장 선점 싸고 무한경쟁 돌입', '""안찾아간 국세 환급금 있는지 카카오톡·문자 확인하세요""']]"
2020-05-26,"[['[단독] 삼성화재·카카오 디지털보험사 설립 무산', ""'시총 20위→8위' 카카오...'뒤늦은' 목표가 줄상향"", '질주하는 카카오·네이버… 주도 업종 신구 교체 본격화', ""현대차 시가총액 앞지른 카카오 '언택트', 지금 투자해도 되나"", '상승 또 상승… 동학개미 카카오·네이버로', '진격의 네이버·카카오…""FAANG보다 낫네""', '“코로나 이후 시가총액 순위 변동” 삼성SDI·카카오·씨젠 ‘껑충’', ""언택트 바람탄 카카오, LG생건 제치고 시총 '8위' 등극"", '네이버·카카오·배민 ‘플랫폼 갑질’ 잡는다', '택시업계 ""카카오, 콜 몰아줘"" VS 카카오 ""인위적 콜 불가능""']]"
2020-05-27,"[['카카오, 코로나19 대처 QR코드 전자출입명부 시스템 참여키로', ""네이버, '정의연 모금' 중지...카카오는 지난달 끝나"", '시작부터 삐걱…삼성화재-카카오 합작 무산', '카카오VX ""코로나19 여파에 홈트족 증가""', '라인스튜디오, 카카오게임즈와 `HELLO BT21` 국내 공동 퍼블리싱 계약', '[단독] 카카오 김범수, 현대차 父子보다 돈많다', ""카카오페이지 SF웹툰 '승리호' 공개, 이야기 40% 재창조"", '카카오페이지 연재 웹툰 ‘빌린 몸’, 드라마로 탄생', '방통위, 유튜브·페이스북·카카오톡 이용자보호 평가', '삼성과 혼담 깨진 카카오…보험 파트너 다시 찾나']]"
2020-05-28,"[[""'카카오T택시 운행 앞둔 천안'…시 대책 마련 고심"", '“야나두 품은 카카오키즈”···종합 교육 플랫폼으로 키운다', '바로자산운용·카카오페이증권 등 차세대 데이터센터 공동 개발', '카카오게임즈, ‘블레이드’ 김재영 신작 ‘오딘’ 품었다', '광양시립도서관, 내달 1일 카카오톡 채널 운영', '‘언택트 시대’ 날개 단 네이버·카카오', '카카오페이지다음웹툰, 한국형 SF 웹툰 ‘승리호’ 연재', '[만물상] 현대차 누른 카카오 시가총액', '충성고객 탄탄한 카카오…멜론, 경쟁사 할인 공세에도 1위 굳건', '[시경Today-뷰티] 제스폰 블랙도장 스폰지, 카카오 메이커스 첫 론칭 外']]"
2020-05-29,"[[""쉐보레 '트래버스 카카오 시승 이벤트'"", '코로나19로 협업툴 수요 급증…카카오 참전 예고', '카카오 클레이튼, 개발 환경 강화하는 데브툴 파트너로 `오지스` 유치', ""네이버·카카오에도 '러브콜'…산업 융합 거점으로 부상"", ""카카오게임즈 '창세기전: 안타리아의 전쟁' 영웅 살라딘 업데이트"", ""간편결제도 '지역따라?'..호남'카카오'·TK는 '삼성페이'"", ""네이버·카카오, '코로나19' 상승세 탔다…2분기 실적 기대감 증폭"", '바툼 바디드라이어 바디플럽 카카오메이커스 오픈', '네이버·카카오 이유있는 주가 강세', '[시황종합] 코스피 강보합 2029.6…삼성전자↑ 네이버·카카오↓']]"
2020-06-01,"[[""[카카오 제국] 카카오모빌리티의 끝없는 영토 확장은 '현재진행형'"", '‘코로나 新재벌’ 카카오·네이버도 규제 대상 된다', '“야 나두? 야 삼성도!”···카카오키즈-삼성전자, 에듀테크 사업 키운다', '대신證 ""카카오, 이제 10%인 영업이익률…목표가↑""', '삼성전자 팔고 카카오·네이버 사는 개미…포트폴리오 조정 나서나', ""네이버·카카오, 도보 1분 '판교 이웃사촌' 된다"", '민경욱 ""아내가 지하철 타는 법 알려줘…카카오택시 앱도 깔아""', ""카카오 '라이언', 라인 이모티콘샵 진출 '파격'"", '포스코건설, 업계 최초 카카오톡 활용한 모델하우스 ‘언택트’ 마케팅 선봬', '[카카오 제국] 파죽지세 카카오 주가, 어디까지 오를까']]"
2020-06-02,"[['카카오커머스, ‘옐로우독’ 펀드에 20억 출자…""사회공헌 박차""', ""카카오커머스, 중소·벤처기업 지원…'옐로우독 펀드' 20억 출자"", '[취재K] 두 달째 ‘배송 준비 중’ 에어팟…카카오 책임은?', ""카카오톡 가상화폐 전자지갑 '클립' 3일 출시"", '원유 개미, ‘언택트 개미’로…삼전·네이버·카카오 담았다', ""택시업계 '카카오 콜 몰아주기' 갈등 일단락…소송 없던일로"", '목적지 앞두고 길 돌아간다? 카카오택시 직접 타보니', '카카오 클레이, 데이빗 상장…그라운드X ""또 사전협의 없는 상장""', '최진호 ""카카오가 찜한 스트리밍 기술…실시간 영상 버벅거림 없앴죠""', ""카카오톡 연동 암호화폐 지갑 '클립', 내일 출시""]]"
2020-06-03,"[[""[단독]소상공인 정책자금 '카카오·토스뱅크'로 받는다"", '네이버·카카오·토스 등 116개사, 마이데이터 사업 희망(종합)', ""카카오 그라운드X, 가상자산 지갑 '클립' 출시"", '카카오가 전국민에게 재난지원금 뿌렸다? 클레이 현금 거래 극성', 'DB금투 ""카카오, 뱅크·페이에 상승 여력 있어…목표가↑""', '마이데이터가 뭐길래?…네이버·카카오 ‘출사표’ 던져', '카카오게임즈, ‘패스 오브 엑자일’ 시즌5 20일 오픈', ""AI '합종연횡'…KT·LGU+·LG전자 vs SKT·카카오·삼성전자"", '‘레드카드’ 공인인증서 대신 뛴다...통신사·카카오·네이버 누가 웃을까', '카카오 비켜! 시총 순위 탈환한 현대車']]"
2020-06-04,[[]]
2020-06-05,[[]]
2020-06-08,[[]]
2020-06-09,[[]]
2020-06-10,[[]]
2020-06-11,[[]]
2020-06-12,[[]]
2020-06-15,[[]]
2020-06-16,[[]]
2020-06-17,[[]]
2020-06-18,[[]]
2020-06-19,[[]]
2020-06-22,[[]]
2020-06-23,[[]]
2020-06-24,[[]]
2020-06-25,[[]]
2020-06-26,[[]]
2020-06-29,[[]]
2020-06-30,[[]]
2020-07-01,[[]]
2020-07-02,[[]]
2020-07-03,[[]]
2020-07-06,[[]]
2020-07-07,[[]]
2020-07-08,[[]]
2020-07-09,[[]]
2020-07-10,[[]]
2020-07-13,[[]]
2020-07-14,[[]]
2020-07-15,[[]]
2020-07-16,[[]]
2020-07-17,[[]]
2020-07-20,[[]]
2020-07-21,[[]]
2020-07-22,[[]]
2020-07-23,[[]]
2020-07-24,[[]]
2020-07-27,[[]]
2020-07-28,[[]]
2020-07-29,[[]]
2020-07-30,[[]]
2020-07-31,[[]]
2020-08-03,[[]]
2020-08-04,[[]]
2020-08-05,[[]]
2020-08-06,[[]]
2020-08-07,[[]]
2020-08-10,[[]]
2020-08-11,[[]]
2020-08-12,[[]]
2020-08-13,[[]]
2020-08-14,[[]]
2020-08-18,[[]]
2020-08-19,[[]]
2020-08-20,[[]]
2020-08-21,[[]]
2020-08-24,[[]]
2020-08-25,[[]]
2020-08-26,[[]]
2020-08-27,[[]]
2020-08-28,[[]]
2020-08-31,[[]]
2020-09-01,[[]]
2020-09-02,[[]]
2020-09-03,[[]]
2020-09-04,[[]]
2020-09-07,[[]]
2020-09-08,[[]]
2020-09-09,[[]]
2020-09-10,[[]]
2020-09-11,[[]]
2020-09-14,[[]]
2020-09-15,[[]]
2020-09-16,[[]]
2020-09-17,[[]]
2020-09-18,[[]]
2020-09-21,[[]]
2020-09-22,[[]]
2020-09-23,[[]]
2020-09-24,[[]]
2020-09-25,[[]]
2020-09-28,[[]]
2020-09-29,[[]]
2020-10-05,[[]]
2020-10-06,[[]]
2020-10-07,[[]]
2020-10-08,[[]]
2020-10-12,[[]]
2020-10-13,[[]]
2020-10-14,[[]]
2020-10-15,[[]]
2020-10-16,[[]]
2020-10-19,[[]]
2020-10-20,[[]]
2020-10-21,[[]]
2020-10-22,[[]]
2020-10-23,[[]]
2020-10-26,[[]]
2020-10-27,[[]]
2020-10-28,[[]]
2020-10-29,[[]]
2020-10-30,[[]]
2020-11-02,[[]]
2020-11-03,[[]]
2020-11-04,[[]]
2020-11-05,[[]]
2020-11-06,[[]]
2020-11-09,[[]]
2020-11-10,[[]]
2020-11-11,[[]]
2020-11-12,[[]]
2020-11-13,[[]]
2020-11-16,[[]]
2020-11-17,[[]]
2020-11-18,[[]]
2020-11-19,[[]]
2020-11-20,[[]]
2020-11-23,[[]]
2020-11-24,[[]]
2020-11-25,[[]]
2020-11-26,[[]]
2020-11-27,[[]]
2020-11-30,[[]]
2020-12-01,[[]]
2020-12-02,[[]]
2020-12-03,[[]]
2020-12-04,[[]]
2020-12-07,[[]]
2020-12-08,[[]]
2020-12-09,[[]]
2020-12-10,[[]]
2020-12-11,[[]]
2020-12-14,[[]]
2020-12-15,[[]]
2020-12-16,[[]]
2020-12-17,[[]]
2020-12-18,[[]]
2020-12-21,[[]]
2020-12-22,[[]]
2020-12-23,[[]]
2020-12-24,[[]]
2020-12-28,[[]]
2020-12-29,[[]]
2020-12-30,[[]]
2021-01-04,[[]]
2021-01-05,[[]]
2021-01-06,[[]]
2021-01-07,[[]]
2021-01-08,[[]]
2021-01-11,[[]]
2021-01-12,[[]]
2021-01-13,[[]]
2021-01-14,[[]]
2021-01-15,[[]]
2021-01-18,[[]]
2021-01-19,[[]]
2021-01-20,[[]]
2021-01-21,[[]]
2021-01-22,[[]]
2021-01-25,[[]]
2021-01-26,[[]]
2021-01-27,[[]]
2021-01-28,[[]]
2021-01-29,[[]]
2021-02-01,[[]]
2021-02-02,[[]]
2021-02-03,[[]]
2021-02-04,[[]]
2021-02-05,[[]]
2021-02-08,[[]]
2021-02-09,[[]]
2021-02-10,[[]]
2021-02-15,[[]]
2021-02-16,[[]]
2021-02-17,[[]]
2021-02-18,[[]]
2021-02-19,[[]]
2021-02-22,[[]]
2021-02-23,[[]]
2021-02-24,[[]]
2021-02-25,[[]]
2021-02-26,[[]]
2021-03-02,[[]]
2021-03-03,[[]]
2021-03-04,[[]]
2021-03-05,[[]]
2021-03-08,[[]]
2021-03-09,[[]]
2021-03-10,[[]]
2021-03-11,[[]]
2021-03-12,[[]]
2021-03-15,[[]]
2021-03-16,[[]]
2021-03-17,[[]]
2021-03-18,[[]]
2021-03-19,[[]]
2021-03-22,[[]]
2021-03-23,[[]]
2021-03-24,[[]]
2021-03-25,[[]]
2021-03-26,[[]]
2021-03-29,[[]]
2021-03-30,[[]]
2021-03-31,[[]]
2021-04-01,[[]]
2021-04-02,[[]]
2021-04-05,[[]]
2021-04-06,[[]]
2021-04-07,[[]]
2021-04-08,[[]]
2021-04-09,[[]]
2021-04-12,[[]]
2021-04-13,[[]]
2021-04-14,[[]]
2021-04-15,[[]]
2021-04-16,[[]]
2021-04-19,[[]]
2021-04-20,[[]]
2021-04-21,"[[""'인앱결제 강제' 파장···'카카오 이모티콘 플러스'에도 30% 수수료 적용"", '“카카오, 두나무 지분가치만 6.2조...목표가↑”', ""[단독] 카카오 입주 판교 H스퀘어 '6000억'에 한국토지신탁에 팔린다"", '""韓 증시는 누가?""…마켓컬리 카카오엔터 이어 네이버웹툰 美 상장 추진', ""카카오뱅크, '2기 고객자문단' 운영…금융소비자 보호 앞장"", '카카오커머스 ""지구의날, 착한소비 하세요""', '카카오, ‘브런치 라디오’ 시즌2…오디오북 10편 공개', '네이버·카카오처럼…‘포털 방식 최저수수료’ 위메프 속내는', '카카오엔터 ""10억뷰 웹툰 `닥터 최태수`, 시즌3 돌입""', ""[IT돋보기] 네이버·카카오, 1분기 실적 '방긋'…이유있는 '고공행진'""]]"
2021-04-22,[[]]
2021-04-23,[[]]
2021-04-26,[[]]
2021-04-27,[[]]
2021-04-28,[[]]
2021-04-29,[[]]
2021-04-30,[[]]
2021-05-03,[[]]
2021-05-04,[[]]
2021-05-06,[[]]
2021-05-07,[[]]
2021-05-10,[[]]
2021-05-11,[[]]
2021-05-12,[[]]
2021-05-13,[[]]
2021-05-14,[[]]
2021-05-17,[[]]
2021-05-18,[[]]
2021-05-20,[[]]
2021-05-21,[[]]
2021-05-24,[[]]
2021-05-25,[[]]
2021-05-26,[[]]
2021-05-27,[[]]
2021-05-28,[[]]
2021-05-31,[[]]
2021-06-01,[[]]
2021-06-02,[[]]
2021-06-03,[[]]
2021-06-04,[[]]
2021-06-07,[[]]
2021-06-08,[[]]
2021-06-09,[[]]
2021-06-10,[[]]
2021-06-11,[[]]
2021-06-14,[[]]
2021-06-15,[[]]
2021-06-16,[[]]
2021-06-17,[[]]
2021-06-18,[[]]
2021-06-21,[[]]
2021-06-22,[[]]
2021-06-23,[[]]
2021-06-24,[[]]
2021-06-25,[[]]
2021-06-28,[[]]
2021-06-29,[[]]
2021-06-30,[[]]
2021-07-01,[[]]
2021-07-02,[[]]
2021-07-05,[[]]
2021-07-06,[[]]
2021-07-07,[[]]
2021-07-08,[[]]
2021-07-09,[[]]
2021-07-12,[[]]
2021-07-13,[[]]
2021-07-14,[[]]
2021-07-15,[[]]
2021-07-16,[[]]
2021-07-19,[[]]
2021-07-20,[[]]
2021-07-21,[[]]
2021-07-22,[[]]
2021-07-23,[[]]
2021-07-26,[[]]
2021-07-27,[[]]
2021-07-28,[[]]
2021-07-29,[[]]
2021-07-30,[[]]
2021-08-02,[[]]
2021-08-03,[[]]
2021-08-04,[[]]
2021-08-05,[[]]
2021-08-06,[[]]
2021-08-09,[[]]
2021-08-10,[[]]
2021-08-11,[[]]
2021-08-12,[[]]
2021-08-13,[[]]
2021-08-17,[[]]
2021-08-18,[[]]
2021-08-19,[[]]
2021-08-20,[[]]
2021-08-23,[[]]
2021-08-24,[[]]
2021-08-25,[[]]
2021-08-26,[[]]
2021-08-27,[[]]
2021-08-30,[[]]
2021-08-31,[[]]
2021-09-01,[[]]
2021-09-02,[[]]
2021-09-03,[[]]
2021-09-06,[[]]
2021-09-07,[[]]
2021-09-08,[[]]
2021-09-09,[[]]
2021-09-10,[[]]
2021-09-13,[[]]
2021-09-14,[[]]
2021-09-15,[[]]
2021-09-16,[[]]
2021-09-17,[[]]
2021-09-23,[[]]
2021-09-24,[[]]
2021-09-27,[[]]
2021-09-28,[[]]
2021-09-29,[[]]
2021-09-30,[[]]
2021-10-01,[[]]
2021-10-05,[[]]
2021-10-06,[[]]
2021-10-07,[[]]
2021-10-08,[[]]
2021-10-12,[[]]
2021-10-13,[[]]
2021-10-14,[[]]
2021-10-15,[[]]
2021-10-18,[[]]
2021-10-19,[[]]
2021-10-20,[[]]
2021-10-21,[[]]
2021-10-22,[[]]
2021-10-25,[[]]
2021-10-26,[[]]
2021-10-27,[[]]
2021-10-28,[[]]
2021-10-29,[[]]
2021-11-01,[[]]
2021-11-02,[[]]
2021-11-03,[[]]
2021-11-04,[[]]
2021-11-05,[[]]
2021-11-08,[[]]
2021-11-09,[[]]
2021-11-10,[[]]
2021-11-11,[[]]
2021-11-12,[[]]
2021-11-15,[[]]
2021-11-16,[[]]
2021-11-17,[[]]
2021-11-18,[[]]
2021-11-19,[[]]
2021-11-22,[[]]
2021-11-23,[[]]
2021-11-24,[[]]
2021-11-25,[[]]
2021-11-26,[[]]
2021-11-29,[[]]
2021-11-30,[[]]
2021-12-01,[[]]
2021-12-02,[[]]
2021-12-03,[[]]
2021-12-06,[[]]
2021-12-07,[[]]
2021-12-08,[[]]
2021-12-09,[[]]
2021-12-10,[[]]
2021-12-13,[[]]
2021-12-14,[[]]
2021-12-15,[[]]
2021-12-16,[[]]
2021-12-17,[[]]
2021-12-20,[[]]
2021-12-21,[[]]
2021-12-22,[[]]
2021-12-23,[[]]
2021-12-24,[[]]
2021-12-27,[[]]
2021-12-28,[[]]
2021-12-29,[[]]
2021-12-30,[[]]
2022-01-03,[[]]
2022-01-04,[[]]
2022-01-05,[[]]
2022-01-06,[[]]
2022-01-07,[[]]
2022-01-10,[[]]
2022-01-11,[[]]
2022-01-12,[[]]
2022-01-13,[[]]
2022-01-14,[[]]
2022-01-17,[[]]
2022-01-18,[[]]
2022-01-19,[[]]
2022-01-20,[[]]
2022-01-21,[[]]
2022-01-24,[[]]
2022-01-25,[[]]
2022-01-26,[[]]
2022-01-27,[[]]
2022-01-28,"[['2월 카카오뱅크·크래프톤 등 44개사 락업 풀려', '다음 달 카카오뱅크 1억5000만주 의무보유 풀려', ""카카오엔터, 인도네시아 대표 웹툰 '네오바자르' 흡수합병"", '상식 회복 시급한 카카오, 더는 핑계 안 통한다[광화문에서/김재영]', '카카오게임즈 프린세스커넥트, 한정 캐릭터 히요리 추가', '[단독]카카오엔터, 글라인·영화사집 인수…글로벌 경쟁력 강화', '부산 해운대구 지방세 환급금 카카오톡으로 신청 하세요', ""카카오TV '며느라기2...ing', 예비 엄마 박하선과 아빠 권율의 극과 극 온도차..."", ""[카카오 넥스트] '먹튀논란' 카카오...'거물' 남궁훈이 해결할까"", '""개인에 기관도 담았다"" 휘청이던 코스피, 반등… 삼전·네이버·카카오↑']]"
2022-02-03,[[]]
2022-02-04,[[]]
2022-02-07,[[]]
2022-02-08,[[]]
2022-02-09,[[]]
2022-02-10,[[]]
2022-02-11,[[]]
2022-02-14,[[]]
2022-02-15,[[]]
2022-02-16,[[]]
2022-02-17,[[]]
2022-02-18,[[]]
2022-02-21,[[]]
2022-02-22,[[]]
2022-02-23,[[]]
2022-02-24,[[]]
2022-02-25,[[]]
2022-02-28,[[]]
2022-03-02,[[]]
2022-03-03,[[]]
2022-03-04,[[]]
2022-03-07,[[]]
2022-03-08,[[]]
2022-03-10,[[]]
2022-03-11,[[]]
2022-03-14,[[]]
2022-03-15,[[]]
2022-03-16,[[]]
2022-03-17,[[]]
2022-03-18,[[]]
2022-03-21,[[]]
2022-03-22,[[]]
2022-03-23,[[]]
2022-03-24,[[]]
2022-03-25,[[]]
2022-03-28,[[]]
2022-03-29,[[]]
2022-03-30,[[]]
2022-03-31,[[]]
2022-04-01,[[]]
2022-04-04,[[]]
2022-04-05,[[]]
2022-04-06,[[]]
2022-04-07,[[]]
2022-04-08,[[]]
2022-04-11,[[]]
2022-04-12,[[]]
2022-04-13,[[]]
2022-04-14,[[]]
2022-04-15,[[]]
2022-04-18,[[]]
2022-04-19,[[]]
2022-04-20,[[]]
2022-04-21,[[]]
2022-04-22,[[]]
2022-04-25,[[]]
2022-04-26,[[]]
2022-04-27,[[]]
2022-04-28,[[]]
2022-04-29,[[]]
2022-05-02,[[]]
2022-05-03,[[]]
2022-05-04,[[]]
2022-05-06,[[]]
2022-05-09,[[]]
2022-05-10,[[]]
2022-05-11,[[]]
2022-05-12,[[]]
2022-05-13,[[]]
2022-05-16,[[]]
2022-05-17,[[]]
2022-05-18,[[]]
2022-05-19,[[]]
2022-05-20,[[]]
2022-05-23,[[]]
2022-05-24,[[]]
2022-05-25,[[]]
2022-05-26,[[]]
2022-05-27,[[]]
2022-05-30,[[]]
2022-05-31,[[]]
2022-06-02,[[]]
2022-06-03,[[]]
2022-06-07,[[]]
2022-06-08,[[]]
2022-06-09,[[]]
2022-06-10,[[]]
2022-06-13,[[]]
2022-06-14,[[]]
2022-06-15,[[]]
2022-06-16,[[]]
2022-06-17,[[]]
2022-06-20,[[]]
2022-06-21,[[]]
2022-06-22,[[]]
2022-06-23,[[]]
2022-06-24,[[]]
2022-06-27,[[]]
2022-06-28,[[]]
2022-06-29,[[]]
2022-06-30,[[]]
2022-07-01,[[]]
2022-07-04,[[]]
2022-07-05,[[]]
2022-07-06,[[]]
2022-07-07,[[]]
2022-07-08,[[]]
2022-07-11,[[]]
2022-07-12,[[]]
2022-07-13,[[]]
2022-07-14,[[]]
2022-07-15,[[]]
2022-07-18,[[]]
2022-07-19,[[]]
2022-07-20,[[]]
2022-07-21,[[]]
2022-07-22,[[]]
2022-07-25,[[]]
2022-07-26,[[]]
2022-07-27,[[]]
2022-07-28,[[]]
2022-07-29,[[]]
2022-08-01,[[]]
2022-08-02,[[]]
2022-08-03,[[]]
2022-08-04,[[]]
2022-08-05,[[]]
2022-08-08,[[]]
2022-08-09,[[]]
2022-08-10,[[]]
2022-08-11,[[]]
2022-08-12,[[]]
2022-08-16,[[]]
2022-08-17,[[]]
2022-08-18,[[]]
2022-08-19,[[]]
2022-08-22,[[]]
2022-08-23,[[]]
2022-08-24,[[]]
2022-08-25,[[]]
2022-08-26,[[]]
2022-08-29,[[]]
2022-08-30,[[]]
2022-08-31,[[]]
2022-09-01,[[]]
2022-09-02,[[]]
2022-09-05,[[]]
2022-09-06,[[]]
2022-09-07,[[]]
2022-09-08,[[]]
2022-09-13,[[]]
2022-09-14,[[]]
2022-09-15,[[]]
2022-09-16,[[]]
2022-09-19,[[]]
2022-09-20,[[]]
2022-09-21,[[]]
2022-09-22,[[]]
2022-09-23,[[]]
2022-09-26,[[]]
2022-09-27,[[]]
2022-09-28,[[]]
2022-09-29,[[]]
2022-09-30,[[]]
2022-10-04,[[]]
2022-10-05,[[]]
2022-10-06,[[]]
2022-10-07,[[]]
2022-10-11,[[]]
2022-10-12,[[]]
2022-10-13,"[['""형님 먼저"" ""아우 먼저""…카카오 4형제 나란히 신저가', '“72조 날아갔다” 카카오 상장 4사, 나란히 또 신저가', '尹정부 고위 관료 주식 소유 1위는 삼성전자…2위 카카오', '“키워드 입력하면 AI가 광고 카피 써준다”…카카오브레인, 한국어 특화 초거...', '금융위, 네이버·카카오페이 이용자예탁금 보호 강화 방안 모색', '“쪼개기 상장해 개미 죽인다” 몰매 맞던 카카오, 손자회사 상장 철회', '카카오헤어샵 투자자 ""카카오 이름 믿고 투자했는데, 낭패""', '""어쩌다 이 지경까지""…절망 카카오, 4형제 또 신저가[특징주]', '[뭐라노]카카오 ‘패닉’', '쪼개기 상장·고평가 논란에 지하실로 내려간 카카오 4형제']]"
2022-10-14,[[]]
2022-10-17,[[]]
2022-10-18,[[]]
2022-10-19,[[]]
2022-10-20,[[]]
2022-10-21,[[]]
2022-10-24,[[]]
2022-10-25,[[]]
2022-10-26,[[]]
2022-10-27,[[]]
2022-10-28,[[]]
2022-10-31,[[]]
2022-11-01,[[]]
2022-11-02,[[]]
2022-11-03,[[]]
2022-11-04,[[]]
2022-11-07,[[]]
2022-11-08,[[]]
2022-11-09,[[]]
2022-11-10,[[]]
2022-11-11,[[]]
2022-11-14,[[]]
2022-11-15,[[]]
2022-11-16,[[]]
2022-11-17,[[]]
2022-11-18,[[]]
2022-11-21,[[]]
2022-11-22,[[]]
2022-11-23,[[]]
2022-11-24,[[]]
2022-11-25,[[]]
2022-11-28,[[]]
2022-11-29,[[]]
2022-11-30,[[]]
2022-12-01,[[]]
2022-12-02,[[]]
2022-12-05,[[]]
2022-12-06,[[]]
2022-12-07,[[]]
2022-12-08,[[]]
2022-12-09,[[]]
2022-12-12,[[]]
2022-12-13,[[]]
2022-12-14,[[]]
2022-12-15,[[]]
2022-12-16,[[]]
2022-12-19,[[]]
2022-12-20,[[]]
2022-12-21,[[]]
2022-12-22,[[]]
2022-12-23,[[]]
2022-12-26,[[]]
2022-12-27,[[]]
2022-12-28,[[]]
2022-12-29,[[]]
2023-01-02,[[]]
2023-01-03,[[]]
2023-01-04,[[]]
2023-01-05,[[]]
2023-01-06,[[]]
2023-01-09,[[]]
2023-01-10,[[]]
2023-01-11,[[]]
2023-01-12,[[]]
2023-01-13,[[]]
2023-01-16,[[]]
2023-01-17,[[]]
2023-01-18,[[]]
2023-01-19,[[]]
2023-01-20,[[]]
2023-01-25,[[]]
2023-01-26,[[]]
2023-01-27,[[]]
2023-01-30,[[]]
2023-01-31,[[]]
2023-02-01,[[]]
2023-02-02,[[]]
2023-02-03,[[]]
2023-02-06,[[]]
2023-02-07,[[]]
2023-02-08,[[]]
2023-02-09,[[]]
2023-02-10,[[]]
2023-02-13,[[]]
2023-02-14,[[]]
2023-02-15,[[]]
2023-02-16,[[]]
2023-02-17,[[]]
2023-02-20,[[]]
2023-02-21,[[]]
2023-02-22,[[]]
2023-02-23,[[]]
2023-02-24,[[]]
2023-02-27,[[]]
2023-02-28,[[]]
2023-03-02,[[]]
2023-03-03,[[]]
2023-03-06,[[]]
2023-03-07,[[]]
2023-03-08,[[]]
2023-03-09,[[]]
2023-03-10,[[]]
2023-03-13,[[]]
2023-03-14,[[]]
2023-03-15,[[]]
2023-03-16,[[]]
2023-03-17,[[]]
2023-03-20,[[]]
2023-03-21,[[]]
2023-03-22,[[]]
2023-03-23,[[]]
2023-03-24,[[]]
2023-03-27,[[]]
2023-03-28,"[['SM 품은 카카오 홍은택 ""IT와 IP 결합으로 새로운 시너지""', '카카오, SM 최대 주주 등극…지분 39.87% 확보', 'SM품은 카카오 ""IT와 IP 결합 통한 시너지 만들 것""', '[주총현장] 카카오-노조, ‘경영진 보상책’ 두고 팽팽한 의견차', ""카카오브레인, '비 디스커버'에 AI 프로필 출시…한국어도 가능"", ""'SM 인수 주도' 배재현, 카카오 사내이사로…경영 전면 나선다"", '카카오 홍은택 ""주가 2배 안오르면 스톡옵션 포기…경영진 솔선수범해야""', 'korean peoples이 조선족?···구글·네이버·카카오 수정', ""카카오 이사회 물갈이...'올드보이' 체제 끝나나"", '카카오 ""회사 상황과 맞지않는 지나친 보상 자제할 것""']]"
2023-03-29,[[]]
2023-03-30,[[]]
2023-03-31,[[]]
2023-04-03,[[]]
2023-04-04,[[]]
2023-04-05,[[]]
2023-04-06,[[]]
2023-04-07,[[]]
2023-04-10,[[]]
2023-04-11,[[]]
2023-04-12,[[]]
2023-04-13,[[]]
2023-04-14,"[['카카오·김범수 센터장, 강릉 산불 피해 복구 위해 20억 기부', '카카오, 강릉 산불 10억 성금…김범수 주식 10억 쾌척', ""소진공, 카카오·SK플래닛·KT·배민 '동행축제' 알리기 맞손"", '“카카오 1분기 실적 부진 불가피”...NH證 목표가 8만원으로 내려', '""단톡방서 나가!""…카카오 계열사, 권고사직 통보 이렇게 했다', 'KT, 카카오·SK플래닛·배민과 소상공인 판로개척 지원한다', '네이버 웃고 카카오 울고…인수가 1분기 실적 희비 갈라', '작년 적자 500억 늘어난 카카오엔터프라이즈… 올 1분기에도 카카오 ‘아픈 손...', '골프존, 카카오VX·SGM 특허침해 소송 파기환송심서 승소', '""소상공인 판로지원""…소진공, 카카오·KT 등과 협약식[중기소식]']]"
2023-04-17,[[]]
2023-04-18,[[]]
2023-04-19,[[]]
2023-04-20,[[]]
2023-04-21,[[]]
2023-04-24,[[]]
2023-04-25,[[]]
2023-04-26,[[]]
2023-04-27,[[]]
2023-04-28,[[]]
2023-05-02,[[]]
2023-05-03,[[]]
2023-05-04,[[]]
2023-05-08,[[]]
2023-05-09,[[]]
2023-05-10,[[]]
2023-05-11,[[]]
2023-05-12,[[]]
2023-05-15,[[]]
2023-05-16,[[]]
2023-05-17,[[]]
2023-05-18,[[]]
2023-05-19,[[]]
2023-05-22,[[]]
2023-05-23,[[]]
2023-05-24,[[]]
2023-05-25,[[]]
2023-05-26,[[]]
2023-05-30,[[]]
2023-05-31,[[]]
2023-06-01,[[]]
2023-06-02,[[]]
2023-06-05,[[]]
2023-06-07,[[]]
2023-06-08,[[]]
2023-06-09,[[]]
2023-06-12,[[]]
2023-06-13,[[]]
2023-06-14,[[]]
2023-06-15,[[]]
2023-06-16,[[]]
2023-06-19,[[]]
2023-06-20,[[]]
2023-06-21,[[]]
2023-06-22,[[]]
2023-06-23,[[]]
2023-06-26,[[]]
2023-06-27,[[]]
2023-06-28,[[]]
2023-06-29,[[]]
2023-06-30,[[]]
2023-07-03,[[]]
2023-07-04,[[]]
2023-07-05,[[]]
2023-07-06,[[]]
2023-07-07,[[]]
